model_name,dataset_size,latent_dim,encoder_hidden,encoder_layers,dynamics_hidden,dynamics_layers,decoder_hidden,decoder_layers,activation,dropout,learning_rate,batch_size,epochs,weight_decay,grad_clip,loss_type,loss_delta,scheduler_type,scheduler_factor,scheduler_patience,scheduler_min_lr,train_samples,val_samples,test_samples,notes
base,12412,96,"[512, 512, 512]",3,"[512, 512, 512]",3,"[512, 512, 512]",3,silu,0.0,0.0005,512,200,0.00001,5.0,huber,0.02,ReduceLROnPlateau,0.5,10,1e-06,10549,1242,621,Initial baseline model
x32,31997,96,"[512, 512, 512]",3,"[512, 512, 512]",3,"[512, 512, 512]",3,silu,0.0,0.0005,512,200,0.00001,5.0,huber,0.02,ReduceLROnPlateau,0.5,10,1e-06,27197,3200,1600,32K samples dataset
x48,47997,96,"[512, 512, 512]",3,"[512, 512, 512]",3,"[512, 512, 512]",3,silu,0.0,0.0005,512,200,0.00001,5.0,huber,0.02,ReduceLROnPlateau,0.5,10,1e-06,40797,4800,2400,48K samples dataset
x64,63985,96,"[512, 512, 512]",3,"[512, 512, 512]",3,"[512, 512, 512]",3,silu,0.0,0.0005,512,200,0.00001,5.0,huber,0.02,ReduceLROnPlateau,0.5,10,1e-06,54387,6399,3199,64K samples dataset
x80,79992,96,"[512, 512, 512]",3,"[512, 512, 512]",3,"[512, 512, 512]",3,silu,0.0,0.0005,512,200,0.00001,5.0,huber,0.02,ReduceLROnPlateau,0.5,10,1e-06,67993,7999,4000,80K samples dataset
x96,96000,96,"[512, 512, 512]",3,"[512, 512, 512]",3,"[512, 512, 512]",3,silu,0.0,0.0005,512,200,0.00001,5.0,huber,0.02,ReduceLROnPlateau,0.5,10,1e-06,81600,9600,4800,96K samples dataset
x112,112000,96,"[512, 512, 512]",3,"[512, 512, 512]",3,"[512, 512, 512]",3,silu,0.0,0.0005,512,200,0.00001,5.0,huber,0.02,ReduceLROnPlateau,0.5,10,1e-06,95200,11200,5600,112K samples dataset
x128,128000,96,"[512, 512, 512]",3,"[512, 512, 512]",3,"[512, 512, 512]",3,silu,0.0,0.0005,512,200,0.00001,5.0,huber,0.02,ReduceLROnPlateau,0.5,10,1e-06,108800,12800,6400,128K samples dataset
x144,144000,96,"[512, 512, 512]",3,"[512, 512, 512]",3,"[512, 512, 512]",3,silu,0.0,0.0005,512,200,0.00001,5.0,huber,0.02,ReduceLROnPlateau,0.5,10,1e-06,122400,14400,7200,144K samples dataset
x160,160000,96,"[512, 512, 512]",3,"[512, 512, 512]",3,"[512, 512, 512]",3,silu,0.0,0.0005,512,200,0.00001,5.0,huber,0.02,ReduceLROnPlateau,0.5,10,1e-06,136000,16000,8000,160K samples dataset (original)
x160_new,160000,128,"[512, 512, 512]",3,"[512, 512, 512]",3,"[512, 512, 512]",3,silu,0.0,0.0005,512,200,0.00001,5.0,huber,0.02,ReduceLROnPlateau,0.5,10,1e-06,136000,16000,8000,Best model - improved architecture with latent_dim=128
x160_optimal,160000,192,"[512, 512, 512]",3,"[512, 512, 512]",3,"[512, 512, 512]",3,silu,0.0,0.0005,512,200,0.00001,5.0,huber,0.02,ReduceLROnPlateau,0.5,10,1e-06,136000,16000,8000,Optimal hyperparameters from study (latent_dim=192)
x160_mse,160000,96,"[512, 512, 512]",3,"[512, 512, 512]",3,"[512, 512, 512]",3,silu,0.0,0.0005,512,200,0.00001,5.0,mse,N/A,ReduceLROnPlateau,0.5,10,1e-06,136000,16000,8000,MSE loss experiment (numerically unstable)
x176,176000,96,"[512, 512, 512]",3,"[512, 512, 512]",3,"[512, 512, 512]",3,silu,0.0,0.0005,512,200,0.00001,5.0,huber,0.02,ReduceLROnPlateau,0.5,10,1e-06,149600,17600,8800,176K samples dataset
x32_optimal,31997,192,"[512, 512, 512]",3,"[512, 512, 512]",3,"[512, 512, 512]",3,silu,0.0,0.0005,512,200,0.00001,5.0,huber,0.02,ReduceLROnPlateau,0.5,10,1e-06,27197,3200,1600,Optimal hyperparams on x32 dataset
x48_optimal,47997,192,"[512, 512, 512]",3,"[512, 512, 512]",3,"[512, 512, 512]",3,silu,0.0,0.0005,512,200,0.00001,5.0,huber,0.02,ReduceLROnPlateau,0.5,10,1e-06,40797,4800,2400,Optimal hyperparams on x48 dataset
x64_optimal,63985,192,"[512, 512, 512]",3,"[512, 512, 512]",3,"[512, 512, 512]",3,silu,0.0,0.0005,512,200,0.00001,5.0,huber,0.02,ReduceLROnPlateau,0.5,10,1e-06,54387,6399,3199,Optimal hyperparams on x64 dataset
x80_optimal,79992,192,"[512, 512, 512]",3,"[512, 512, 512]",3,"[512, 512, 512]",3,silu,0.0,0.0005,512,200,0.00001,5.0,huber,0.02,ReduceLROnPlateau,0.5,10,1e-06,67993,7999,4000,Optimal hyperparams on x80 dataset
x96_optimal,96000,192,"[512, 512, 512]",3,"[512, 512, 512]",3,"[512, 512, 512]",3,silu,0.0,0.0005,512,200,0.00001,5.0,huber,0.02,ReduceLROnPlateau,0.5,10,1e-06,81600,9600,4800,Optimal hyperparams on x96 dataset
x112_optimal,112000,192,"[512, 512, 512]",3,"[512, 512, 512]",3,"[512, 512, 512]",3,silu,0.0,0.0005,512,200,0.00001,5.0,huber,0.02,ReduceLROnPlateau,0.5,10,1e-06,95200,11200,5600,Optimal hyperparams on x112 dataset
x128_optimal,128000,192,"[512, 512, 512]",3,"[512, 512, 512]",3,"[512, 512, 512]",3,silu,0.0,0.0005,512,200,0.00001,5.0,huber,0.02,ReduceLROnPlateau,0.5,10,1e-06,108800,12800,6400,Optimal hyperparams on x128 dataset
x144_optimal,144000,192,"[512, 512, 512]",3,"[512, 512, 512]",3,"[512, 512, 512]",3,silu,0.0,0.0005,512,200,0.00001,5.0,huber,0.02,ReduceLROnPlateau,0.5,10,1e-06,122400,14400,7200,Optimal hyperparams on x144 dataset
x176_optimal,176000,192,"[512, 512, 512]",3,"[512, 512, 512]",3,"[512, 512, 512]",3,silu,0.0,0.0005,512,200,0.00001,5.0,huber,0.02,ReduceLROnPlateau,0.5,10,1e-06,149600,17600,8800,Optimal hyperparams on x176 dataset
latent64,160000,64,"[512, 512, 512]",3,"[512, 512, 512]",3,"[512, 512, 512]",3,silu,0.0,0.0005,512,50,0.00001,5.0,huber,0.02,ReduceLROnPlateau,0.5,10,1e-06,136000,16000,8000,Latent dim study - 64 dimensions
latent96,160000,96,"[512, 512, 512]",3,"[512, 512, 512]",3,"[512, 512, 512]",3,silu,0.0,0.0005,512,50,0.00001,5.0,huber,0.02,ReduceLROnPlateau,0.5,10,1e-06,136000,16000,8000,Latent dim study - 96 dimensions
latent128,160000,128,"[512, 512, 512]",3,"[512, 512, 512]",3,"[512, 512, 512]",3,silu,0.0,0.0005,512,50,0.00001,5.0,huber,0.02,ReduceLROnPlateau,0.5,10,1e-06,136000,16000,8000,Latent dim study - 128 dimensions
latent160,160000,160,"[512, 512, 512]",3,"[512, 512, 512]",3,"[512, 512, 512]",3,silu,0.0,0.0005,512,50,0.00001,5.0,huber,0.02,ReduceLROnPlateau,0.5,10,1e-06,136000,16000,8000,Latent dim study - 160 dimensions
latent192,160000,192,"[512, 512, 512]",3,"[512, 512, 512]",3,"[512, 512, 512]",3,silu,0.0,0.0005,512,50,0.00001,5.0,huber,0.02,ReduceLROnPlateau,0.5,10,1e-06,136000,16000,8000,Latent dim study - 192 dimensions (best in study)
width256_layers3,160000,192,"[256, 256, 256]",3,"[256, 256, 256]",3,"[256, 256, 256]",3,silu,0.0,0.0005,512,50,0.00001,5.0,huber,0.02,ReduceLROnPlateau,0.5,10,1e-06,136000,16000,8000,Layer width study - width=256, layers=3
width256_layers4,160000,192,"[256, 256, 256, 256]",4,"[256, 256, 256, 256]",4,"[256, 256, 256, 256]",4,silu,0.0,0.0005,512,50,0.00001,5.0,huber,0.02,ReduceLROnPlateau,0.5,10,1e-06,136000,16000,8000,Layer width study - width=256, layers=4
width512_layers3,160000,192,"[512, 512, 512]",3,"[512, 512, 512]",3,"[512, 512, 512]",3,silu,0.0,0.0005,512,50,0.00001,5.0,huber,0.02,ReduceLROnPlateau,0.5,10,1e-06,136000,16000,8000,Layer width study - width=512, layers=3 (best overall)
width512_layers4,160000,192,"[512, 512, 512, 512]",4,"[512, 512, 512, 512]",4,"[512, 512, 512, 512]",4,silu,0.0,0.0005,512,50,0.00001,5.0,huber,0.02,ReduceLROnPlateau,0.5,10,1e-06,136000,16000,8000,Layer width study - width=512, layers=4
width768_layers3,160000,192,"[768, 768, 768]",3,"[768, 768, 768]",3,"[768, 768, 768]",3,silu,0.0,0.0005,512,50,0.00001,5.0,huber,0.02,ReduceLROnPlateau,0.5,10,1e-06,136000,16000,8000,Layer width study - width=768, layers=3
width768_layers4,160000,192,"[768, 768, 768, 768]",4,"[768, 768, 768, 768]",4,"[768, 768, 768, 768]",4,silu,0.0,0.0005,512,50,0.00001,5.0,huber,0.02,ReduceLROnPlateau,0.5,10,1e-06,136000,16000,8000,Layer width study - width=768, layers=4 (best 4-layer)
width1024_layers3,160000,192,"[1024, 1024, 1024]",3,"[1024, 1024, 1024]",3,"[1024, 1024, 1024]",3,silu,0.0,0.0005,512,50,0.00001,5.0,huber,0.02,ReduceLROnPlateau,0.5,10,1e-06,136000,16000,8000,Layer width study - width=1024, layers=3
width1024_layers4,160000,192,"[1024, 1024, 1024, 1024]",4,"[1024, 1024, 1024, 1024]",4,"[1024, 1024, 1024, 1024]",4,silu,0.0,0.0005,512,50,0.00001,5.0,huber,0.02,ReduceLROnPlateau,0.5,10,1e-06,136000,16000,8000,Layer width study - width=1024, layers=4

