temperature,pressure,group_index,point_index,comp_H,comp_O,comp_C,comp_N,comp_S,species,observed,predicted,pred_over_obs,obs_over_pred,ratio_max,log10P
780.9006973177259,21.88693390801438,0.0,9.35939461330671e-19,9.609399347551572e-08,0.013456558199104,0.626766298920564,0.3597762441402358,8.026461026431808e-07,N2,0.13706332,6.0767466e-06,4.433532e-05,22555.377,22555.377,1.3401849264790542
912.081039772558,2688.390408163669,0.0,3.2436762381228202e-22,0.6005132264223593,7.421973929926959e-05,0.3625323120485543,7.689717355342034e-06,0.0368725520724319,N2,0.029467633,1.9284716e-05,0.00065443723,1528.0303,1528.0303,3.4294923372238237
1277.671174987101,12098.692170807732,0.0,5.1905568294526385e-21,7.919533057371796e-06,0.0327429645530067,0.5981405277670487,0.3587045785587448,0.0104040095881422,N2,0.17735794,3.9623144e-05,0.00022340778,4476.1196,4476.1196,4.082738427035547
788.3876203759384,489.7907954314462,2.2223507729365216e-22,4.2669134840381214e-20,6.538868144428861e-07,0.0001088468841671,0.3209195884397467,1.4011156470762153e-07,0.678970770677707,N2,2.1474536e-07,2.8669707e-11,0.00013350497,7237.8657,7237.8657,2.690010619231135
718.2978991091691,4.846245046524567e-09,6.139077645383557e-11,3.3560291128096774e-09,0.4989952402198851,9.169832558192851e-06,0.4962593153031072,0.0034047165198902,0.0013315581245591,N2,0.005012285,3.2955309e-06,0.00065749075,1520.9336,1520.9336,-8.3145946298884
844.5959783636032,0.0002908309919723,1.2028522393197e-15,8.66053612310184e-14,4.2683790308950185e-08,0.0556675096074996,0.6350574059359653,0.3074002689357478,0.0018747728369969,N2,0.04282944,6.272871e-06,0.00014646167,6827.724,6827.724,-3.5363593154011213
1359.8654799493038,15789.460786994952,1.436496826400069e-24,1.0227857403968492e-22,0.5214336403211018,4.598319662432595e-06,0.478559623399439,1.377860750866009e-07,2.000173721726778e-06,N2,4.951115e-12,9.700386e-07,163001.16,5.104034e-06,163001.16,4.198367299024683
904.1544610173086,2.7280526319439327,3.203096853788138e-19,1.0341426985087418e-17,0.0016463166949191,7.117277574973324e-08,0.5394275382751543,0.2300489709249488,0.2288771029322021,N2,0.039090775,3.768071e-05,0.00096392847,1037.4214,1037.4214,0.4358527448489298
1289.231216891745,1495.7092844823396,8.330383255240263e-22,4.2246943651575614e-20,0.0003887095880421,0.0216676993019695,0.6117630567775382,0.3635545647391929,0.0026259695932571,N2,0.16475883,0.00010844179,0.000658185,1519.3297,1519.3297,3.1748471895081884
1334.1521991715124,87937.30435357687,6.359104364906045e-25,2.845699203295456e-23,0.7128083295865953,0.0104264328911973,0.271258684336236,1.0087270028597328e-06,0.0055055444589682,N2,0.014651398,8.838132e-06,0.0006032279,1657.748,1657.748,4.9441731485442055
1081.8569500703693,62.71351953223257,5.306537208939312e-22,1.5978573151361703e-20,0.5879134051804017,0.0004491048206517,0.4115442332215321,3.231756259224524e-05,6.093921482214887e-05,N2,1.9905666e-09,0.0007286992,365892.44,2.7316712e-06,365892.44,1.7973611744085183
1225.800559668663,45181.01497664577,4.494988457490128e-23,1.191171941234884e-21,0.2829263571651597,3.2531540790150963e-06,0.625311309207191,0.0916543936638921,0.0001046868096781,N2,3.4268766e-10,1.7524172e-06,5098.8657,0.0001955513,5098.8657,4.65495598297667
945.6208671732476,2721.4254426699217,6.716327214062249e-22,1.1225861200646903e-20,3.886849195100297e-06,2.0126726476024223e-06,0.3159878505798273,0.0002282995172415,0.6837779503810885,N2,0.00035229337,4.5970133e-08,0.00013048822,7663.361,7663.361,3.434796440699545
735.337131091197,9.083293277724278e-07,1.788324941719697e-12,1.9112722814629265e-11,1.797892020338585e-06,1.8261682712613425e-06,0.6054987006269703,0.3879757151606048,0.0065219601521333,N2,0.21996666,4.0848892e-05,0.00018570492,5384.8867,5384.8867,-6.041756663259479
848.7565711242978,57.21999110774536,3.2767063016892307e-20,4.730744723063828e-19,6.623040150457143e-07,3.649752255307107e-07,0.6591237921034895,0.3408751573285307,2.328873920836621e-08,N2,0.032886557,9.594075e-07,2.9173243e-05,34277.95,34277.95,1.7575477859778523
831.8298217627902,1210.7753094036332,3.6823387713896e-23,5.408435070478475e-22,0.5531216558609585,6.577225174579203e-07,0.4465765521279951,0.0002966841949967,4.450093532150668e-06,N2,3.503191e-11,0.010051412,278958620.0,3.4852727e-09,278958620.0,3.083063556074517
904.8495248130836,39889.84169700165,1.605728549531562e-24,2.398557020862771e-23,3.873309082284032e-07,0.5821081512018618,4.735776054322933e-05,9.182299205837031e-10,0.4178441027884569,N2,0.032044597,8.773003e-09,2.737748e-07,3652221.0,3652221.0,4.600862312813849
719.2057085454787,3.163683467540998e-05,5.6495763552583286e-14,5.461257143416383e-13,0.0001499889731316,0.0020705047075734,0.3307669321559372,3.365728832052214e-05,0.6669789168750372,N2,5.0161172e-05,3.7768286e-09,7.5293865e-05,13277.778,13277.778,-4.499806974977471
863.255453161278,6.1434647943787875,3.492057831583996e-19,4.4426735746263064e-18,0.0006424248617255,0.3905090171454763,0.4163631649447192,3.3612791404265167e-06,0.1924820317689384,N2,4.032331e-06,1.8263043e-09,0.00045291515,2206.7102,2206.7102,0.7884133738573773
1055.9518830114944,218.17108194431276,3.343669750206701e-22,4.5473908602811136e-21,0.5735157318937014,2.0953457331993385e-06,0.4263632644694192,7.073940093823846e-05,4.816889020779843e-05,N2,1.1557283e-09,0.004934737,4266116.0,2.3420262e-07,4266116.0,2.338797185370998
941.2859518228134,1.6805302159109543,7.375751725478695e-20,7.279546268189842e-19,8.908548860063121e-08,0.5052250183086936,0.0001938990528208,2.16215235245484e-06,0.4945788314006445,N2,0.041468654,6.3107623e-06,0.00015218151,6571.0996,6571.0996,0.22544632548471094
803.8580194289857,1354.709262831268,1.9661998623523977e-21,1.5975373881613232e-20,2.513131567362139e-07,0.015892032991398,0.615854723693048,0.3668879290311309,0.0013650629712663,N2,0.16765054,5.6885494e-07,3.3930994e-06,294715.25,294715.25,3.131846100305509
713.849003257968,901.425939831154,9.851962584177956e-23,7.388971938133468e-22,0.7339962368209089,0.0003764315167313,0.2643598130833605,2.168969947960883e-07,0.0012673016820045,N2,0.03465691,2.8690121e-05,0.0008278327,1207.9735,1207.9735,2.9549300513646894
909.3736276589754,20.14659906391213,1.6826237319569658e-19,1.4395780817854041e-18,0.0399042372573053,3.039798782773345e-06,0.6195767933231219,0.3378751158222701,0.0026408137985198,N2,0.11040852,7.886986e-08,7.143458e-07,1399864.5,1399864.5,1.304201743656499
1186.3330996129569,87661.3998434868,1.178921912142423e-24,1.392874407309011e-23,0.5028111499437332,0.0007101764772528,0.4958174734988114,0.0006217363627291,3.946371747326529e-05,N2,2.0540212e-09,0.00020233792,98460.26,1.015144e-05,98460.26,4.942808401515839
759.6433057786612,0.0097122469919811,1.257343236677567e-17,8.08292080721293e-17,8.667834674910193e-09,0.577241059653419,1.726968706744492e-05,1.0568829410848465e-07,0.4227415563033848,N2,0.041583642,3.630701e-07,8.731079e-06,114533.06,114533.06,-2.012680281593107
891.071196317675,185.3855970135217,7.675213767446243e-22,5.9354986468250926e-21,7.244825435935328e-07,0.5647324362373947,3.091722766682069e-07,8.162267797303543e-08,0.4352664484851071,N2,0.038552232,5.281297e-07,1.3699069e-05,72997.516,72997.516,2.268075989891912
1071.1879341734025,456.62719923944394,1.0364222575879386e-20,8.841977385047102e-20,0.0036732156356915,0.5183782266229557,0.477441794094837,0.0005065498581038,2.1378841179265546e-07,N2,0.0005279339,4.423814e-07,0.0008379485,1193.3881,1193.3881,2.659561776904079
791.8990009827249,99.22938126766012,3.636020720719775e-20,2.1044847201741731e-19,9.609710743858256e-05,0.5099194868845078,0.4712075571274338,8.052886063073229e-05,0.018696330019989,N2,8.538255e-05,3.403794e-09,3.986522e-05,25077.154,25077.154,1.9966402833752372
1516.6701778392312,23235.03191504789,6.844118986217886e-24,8.254422292468845e-23,0.5130159248376333,9.761078126030594e-05,0.4868454951467871,6.245147579024424e-06,3.4724086740164586e-05,N2,5.177082e-10,2.0381754e-05,39293.297,2.540057e-05,39293.297,4.366143273351133
739.7966011588259,0.1315717263257816,2.717070182707751e-17,1.428402610337789e-16,0.0011417282649905,0.1411885907217252,0.380918825453617,0.0204134376211134,0.4563374179385537,N2,0.019733798,7.3254982e-06,0.00037121584,2693.8503,2693.8503,-0.8808374269830072
778.001973565715,21861.195845516555,1.7197166579085885e-22,9.728682807597157e-22,0.0195796422650228,0.0437865596030934,0.636503150170619,0.3001302843632809,3.635979839807451e-07,N2,0.021102611,2.651241e-07,1.2563569e-05,79594.92,79594.92,4.339673914928603
818.6798321107292,292.9924311621026,1.427387965041329e-20,7.406986196971221e-20,0.0852698414962083,0.0589029707272788,0.56704583734028,0.2887767179525624,4.632483670586452e-06,N2,0.12221093,9.5569594e-05,0.0007820053,1278.7637,1278.7637,2.466856401422401
804.5144902467754,4203.04892406384,9.778089522846554e-22,5.179744720210608e-21,0.0053623282780533,0.5032676656888628,0.488576438668072,0.0006964356414144,0.0020971317235972,N2,0.0007056995,3.4561998e-10,4.8975517e-07,2035945.8,2035945.8,3.6235644452819766
883.1508774917679,501.6792473733867,2.2146837674345835e-22,1.3946522103034e-21,0.5294606004567618,1.0346178312728471e-08,0.4700679504161281,0.0004714268940426,1.1886889263569153e-08,N2,1.5737847e-10,0.010272711,64861784.0,1.5320053e-08,64861784.0,2.700426136232789
997.4859562098776,68840.28806366982,2.3530338771762224e-24,1.7214300469868152e-23,0.0144522156334782,0.630047705833498,2.134569770707557e-05,9.652817289752683e-07,0.3554777675535877,N2,0.030952604,1.8503615e-05,0.0005978048,1672.7867,1672.7867,4.837842678973949
1156.0835751940551,34116.71421962855,5.98810476802388e-24,5.026856371051626e-23,1.7662790627674917e-06,0.4968186698952081,0.0752452321192455,2.0201743269734345e-08,0.4279343115047401,N2,0.0336822,2.7684749e-08,8.2194003e-07,1216589.9,1216589.9,4.532967197612752
1165.705986067731,343.03605272561697,4.441729617901589e-22,3.5647727446235815e-21,0.4744047065802068,9.43587939339722e-06,0.4560769362268597,0.0398668739981907,0.0296420473153493,N2,1.0262642e-06,0.002281827,2223.4282,0.0004497555,2223.4282,2.5353397663313153
780.9006973177259,21.88693390801438,0.0,9.35939461330671e-19,9.609399347551572e-08,0.013456558199104,0.626766298920564,0.3597762441402358,8.026461026431808e-07,C5,5.6825063e-16,1.3183258e-08,13175.771,4.310069e-08,13175.771,1.3401849264790542
1207.8165846680972,468.39729787197894,0.0,1.7142570338780737e-21,0.0026194251717787,2.3512429222784922e-08,0.5423960758914417,0.4536017428148408,0.0013827326095096,C5,0.0154330395,1.9909736e-07,1.2900722e-05,77514.65,77514.65,2.6706143810146
1277.671174987101,12098.692170807732,0.0,5.1905568294526385e-21,7.919533057371796e-06,0.0327429645530067,0.5981405277670487,0.3587045785587448,0.0104040095881422,C5,4.9569772e-11,4.5465367e-05,899062.2,1.0902754e-06,899062.2,4.082738427035547
1513.967819292934,1.5069927456783785,2.47084068878651e-21,9.537445058715928e-19,5.195443867128025e-08,8.082276701015261e-09,0.5170806878997785,0.4829168553618077,2.3967016983924705e-06,C5,0.017813776,1.24007975e-05,0.0006961353,1436.5023,1436.5023,0.1781111617244307
2817.7532474924187,0.0015323144511805,2.5388575668815686e-16,1.8762157419254794e-13,0.9014157431161808,0.0245216154410183,0.0322288329060755,0.0418338065858685,1.950856862189894e-09,C5,1.4101552e-08,1.8536657e-12,0.00013144186,4941.557,4941.557,-2.8146521025890876
1314.844789321564,15.32503267994297,3.1198407916597375e-22,5.428522977487943e-20,8.578564041978882e-05,0.0057181034726353,0.5192047130700354,0.4749867574025501,4.640414359557656e-06,C5,0.013168796,2.9531677e-07,2.2425495e-05,44591.953,44591.953,1.185401409304891
1770.965892614104,94.86975834376868,7.771917183766033e-23,1.8264005381850174e-20,0.0755562728523423,1.8154890193443533e-06,0.4338482945580105,0.4280141421572787,0.0625794749433489,C5,0.01507761,9.496694e-07,6.298541e-05,15876.676,15876.676,1.977127794328954
718.2978991091691,4.846245046524567e-09,6.139077645383557e-11,3.3560291128096774e-09,0.4989952402198851,9.169832558192851e-06,0.4962593153031072,0.0034047165198902,0.0013315581245591,C5,3.2677666e-13,5.8486585e-06,4408171.0,5.5872064e-08,4408171.0,-8.3145946298884
844.5959783636032,0.0002908309919723,1.2028522393197e-15,8.66053612310184e-14,4.2683790308950185e-08,0.0556675096074996,0.6350574059359653,0.3074002689357478,0.0018747728369969,C5,5.4226152e-09,0.003905808,720148.44,1.3883466e-06,720148.44,-3.5363593154011213
1003.578111226536,0.0083761595502878,4.9626182299908176e-17,4.300935799325376e-15,1.0609940922440676e-05,0.0022756726107775,0.5613721584887845,0.3865768721058901,0.0497646868536253,C5,1.5969691e-08,8.6660344e-05,5426.211,0.00018427911,5426.211,-2.0769550587468797
783.9530709896749,2.0850764217101927e-06,2.076400942225727e-13,8.876614028014982e-12,1.2388265670824652e-06,0.3532597366281031,0.5700460603542421,0.0763752419353752,0.0003177222557123,C5,0.03158611,1.6577811e-05,0.000524845,1905.3243,1905.3243,-5.680878022743557
749.0297547172697,5.509555118259887e-06,1.2968346069597612e-15,5.6088096751009674e-14,3.2492346455738305e-05,0.0001433678332734,0.5185430331698908,0.4765581293242452,0.0047229773261349,C5,0.017272642,2.0149903e-06,0.00011665791,8572.068,8572.068,-5.258883467842444
952.797793986233,0.1372756119242098,4.791375693120774e-18,2.1561190619043478e-16,0.143550162309261,2.683652315810562e-05,0.3493338601861028,0.001802949660076,0.5052861913214022,C5,4.6965714e-14,4.541884e-09,4338.1406,1.0338303e-05,4338.1406,-0.8624066116891349
1185.0153971071625,2.379890126320486,4.609086786770006e-21,2.8207611135032443e-19,0.0335164435923834,0.0005043678856015,0.5396406099867985,0.4263385635668879,1.4968328544691042e-08,C5,0.013408942,3.7185794e-07,2.7732085e-05,36059.22,36059.22,0.3765569072102082
1617.3643727096603,44809.812389923914,2.491655660712445e-23,2.1826903587841017e-21,4.7978134101433464e-08,3.0400372939558353e-08,0.5990652468380598,0.3995611129973318,0.0013735617861012,C5,4.11852e-09,6.2773564e-05,15238.076,6.560915e-05,15238.076,4.651373125609286
904.1544610173086,2.7280526319439327,3.203096853788138e-19,1.0341426985087418e-17,0.0016463166949191,7.117277574973324e-08,0.5394275382751543,0.2300489709249488,0.2288771029322021,C5,6.9325825e-12,4.8854805e-08,6158.7515,0.00014189885,6158.7515,0.4358527448489298
1289.231216891745,1495.7092844823396,8.330383255240263e-22,4.2246943651575614e-20,0.0003887095880421,0.0216676993019695,0.6117630567775382,0.3635545647391929,0.0026259695932571,C5,6.4809647e-10,0.00011725623,180645.31,5.527181e-06,180645.31,3.1748471895081884
710.9752672108858,0.5343933093864469,1.469490273661294e-18,3.3981962578417424e-17,0.034542389397786,0.4220320239938645,0.5398072947463752,0.0032879338719457,0.0003303579900286,C5,0.031643435,2.0679045e-05,0.0006535019,1530.2173,1530.2173,-0.2721389878729603
1192.1900227864678,29426.867351312827,6.597665669064542e-25,2.622572103453155e-23,1.6604418159404817e-05,1.130174503247332e-07,0.4729918411723531,0.4663519023584263,0.0606395390336108,C5,0.014744009,1.049092e-11,7.1153783e-10,1283100900.0,1283100900.0,4.468744031571175
1081.8569500703693,62.71351953223257,5.306537208939312e-22,1.5978573151361703e-20,0.5879134051804017,0.0004491048206517,0.4115442332215321,3.231756259224524e-05,6.093921482214887e-05,C5,0.024755789,2.2431016e-06,9.0609174e-05,11036.405,11036.405,1.7973611744085183
1420.886097740456,9.829728113485632e-08,1.9957253220112637e-11,7.324311931781336e-10,0.0343400331255387,0.1637493991428995,0.4756429611358923,0.0006627090619942,0.3256048975336752,C5,6.588804e-12,2.7636656e-07,36417.668,2.384073e-05,36417.668,-7.007458494420752
1525.0581274642573,3675.736334197864,9.367856434601288e-24,3.7190390045367107e-22,1.791047255938239e-06,2.8468304915525734e-08,0.5353639417119171,0.4646026063244262,3.163244809566782e-05,C5,0.016353657,4.5099333e-07,2.757752e-05,36261.34,36261.34,3.5653443512696317
1558.217405115706,4.771550457001975e-07,4.959572549798671e-12,1.844059248061506e-10,0.0638281501343027,0.0007482463838902,0.4488609735983536,0.0124989984293367,0.4740636314541167,C5,1.3460328e-12,2.6877583e-06,1145661.1,5.008011e-07,1145661.1,-6.321340479343679
2904.327248926938,88107.55357019466,5.461307103045972e-23,3.6363203127781096e-21,7.396546758574455e-05,0.5244489444434351,0.4720447552026568,4.681833137765818e-07,0.0034318667030085,C5,1.7737255e-12,4.5375894e-09,1635.9187,0.00039080984,1635.9187,4.945013142614439
1434.3965775478418,1.1494308925632748e-10,2.58440389154406e-08,6.219798698982705e-07,0.0001864950461111,3.7054995723688783e-06,0.4809498741762775,0.0236546920552408,0.4952052332227982,C5,2.4898417e-15,1.9781019e-06,1973188.9,1.2587019e-09,1973188.9,-9.939517134773691
735.337131091197,9.083293277724278e-07,1.788324941719697e-12,1.9112722814629265e-11,1.797892020338585e-06,1.8261682712613425e-06,0.6054987006269703,0.3879757151606048,0.0065219601521333,C5,3.836247e-10,0.0010904579,2835122.0,3.5180148e-07,2835122.0,-6.041756663259479
848.7565711242978,57.21999110774536,3.2767063016892307e-20,4.730744723063828e-19,6.623040150457143e-07,3.649752255307107e-07,0.6591237921034895,0.3408751573285307,2.328873920836621e-08,C5,7.2714946e-14,2.7399037e-05,25541768.0,2.6539233e-09,25541768.0,1.7575477859778523
1126.8809959939783,2175.0762940479904,1.1444761507502078e-21,2.2531874217894722e-20,2.0919633773133072e-05,2.955015517581497e-09,0.6187402386124469,0.3812266794519552,1.215934680927781e-05,C5,7.631628e-12,1.3904391e-05,1610865.4,5.4886453e-07,1610865.4,3.337474495085104
1725.6660437043004,7.377650591857971e-06,5.167038569140973e-13,1.462917794888038e-11,0.0066782075833592,1.537201163985221e-05,0.452343998774351,0.0157668212009606,0.5251956004296892,C5,1.4378796e-13,1.318365e-08,11526.306,1.090571e-05,11526.306,-5.1320819169624725
1869.2270097421372,74711.02092778818,1.2751705278248972e-24,3.893020611418363e-23,0.5731845374508144,0.0095738440205301,0.407491422058252,0.0019333694794057,0.0078168269909975,C5,0.021714943,8.03693e-06,0.0003701106,2701.8948,2701.8948,4.873384671093593
1603.5836233082305,1.3814496023314636e-10,3.0450410928512345e-08,6.426639359122867e-07,0.9704987822214522,8.236515659228093e-06,0.0168108208937848,2.426227442538638e-07,0.0126819177463595,C5,9.861037e-08,5.4437038e-11,0.0005520361,1778.7814,1778.7814,-9.8596649542716
1661.085217803315,2.9982253383611694e-08,1.4533309535268248e-10,3.1131878846600934e-09,3.939191144190426e-08,0.0397393190307298,0.0437404040387079,0.916420882258698,9.93552799527582e-05,C5,2.852289e-05,1.7527814e-11,6.1451743e-07,1539463.2,1539463.2,-7.523135729883617
832.1894178961933,4.788001264157541e-08,6.757162304093109e-13,6.357875440669424e-12,3.588860122955783e-07,0.0804921427021254,0.4684655663837299,0.4510419251302169,6.897915380922428e-09,C5,0.012799425,6.529439e-07,5.1013536e-05,19602.61,19602.61,-7.319845743600512
1525.566155314726,15206.21770990103,4.5534682597405655e-24,7.839884481988103e-23,0.0196383549272527,1.2936931192172824e-05,0.557297539144297,0.4229060298278632,0.0001451391693948,C5,0.014292933,6.154964e-07,4.3062988e-05,23221.76,23221.76,4.1820212040602325
1745.4747106940997,48767.57769558459,1.1365620791224994e-22,2.362072494871977e-21,9.706547685803466e-07,4.955020148571719e-07,0.6384412678672198,0.3615572515300495,1.4445947466099131e-08,C5,6.474939e-08,0.00029914122,4619.9136,0.00021645092,4619.9136,4.688131184552667
812.6344073965449,3.0563845927735483e-09,8.810114408743352e-10,5.983536035938194e-09,0.033235812839438,2.3978488322043043e-05,0.3668309933779372,1.0197970791229367e-05,0.5998990173235115,C5,0.0033667295,1.4189128e-07,4.2145137e-05,23727.363,23727.363,-8.514791998260549
803.8580194289857,1354.709262831268,1.9661998623523977e-21,1.5975373881613232e-20,2.513131567362139e-07,0.015892032991398,0.615854723693048,0.3668879290311309,0.0013650629712663,C5,2.5682249e-17,2.1792559e-09,2179.2,1.1779465e-08,2179.2,3.131846100305509
941.7701844822936,0.0061582764085397,5.489614078182225e-16,4.645058066154191e-15,0.5056410795759663,6.632011527964661e-07,0.4943340050167342,3.802500154709202e-07,2.38719561313115e-05,C5,1.9325017e-10,6.2402114e-07,3212.4612,0.00030968478,3212.4612,-2.2105408220892837
1168.4719505652563,3147.383279864341,1.3326793831937436e-21,1.6094666397032134e-20,0.000806010490551,0.0071721483420599,0.5339985202805311,0.3634748690519514,0.0945484518349064,C5,6.121383e-12,1.7499676e-08,2457.3425,0.0003497798,2457.3425,3.4979496333467743
909.3736276589754,20.14659906391213,1.6826237319569658e-19,1.4395780817854041e-18,0.0399042372573053,3.039798782773345e-06,0.6195767933231219,0.3378751158222701,0.0026408137985198,C5,6.5128214e-13,0.00039212173,237465010.0,1.6609183e-09,237465010.0,1.304201743656499
1851.4913019855253,34572.250022403605,2.6824537731171075e-24,4.962539480266649e-23,1.8483929797477054e-07,0.0213670846898435,0.5374309079474558,0.4412017650105546,5.7512847957274267e-08,C5,0.012956775,2.8371933e-06,0.00021897373,4566.7563,4566.7563,4.538727645105476
1024.900170007492,39.2124154635526,1.4113847260739505e-21,1.3189146922966918e-20,5.145064491672e-08,0.0003549491852103,0.5619470332070089,0.4376110351918512,8.693096528475875e-05,C5,0.013486714,2.0849362e-07,1.5459185e-05,64686.152,64686.152,1.5934235954290479
1112.8787877442817,645.9797985736442,9.715458804328124e-23,8.587211975438406e-22,1.6157012287038403e-05,0.0007855581984625,0.5667529324989345,0.4303079012154603,0.0021374510748554,C5,0.013176177,3.4230678e-07,2.597922e-05,38492.19,38492.19,2.8102189367177246
824.6750606939042,0.0071969664400265,5.3789202083233935e-16,2.84766363970062e-15,0.3890956384838835,0.0723956041502948,0.5095198141691542,0.0289351730627363,5.377013393124572e-05,C5,1.8531489e-10,1.6456344e-06,8832.543,0.00011260993,8832.543,-2.1428505224542724
843.3930018416113,146.74904202199275,5.219834149559863e-22,3.47491816242128e-21,2.12493914588874e-07,3.8113717952572106e-08,0.5324499535435913,0.4675494834678044,3.123809716590618e-07,C5,0.01879536,1.1843723e-12,6.301408e-11,8604467000.0,8604467000.0,2.1665752748537557
1065.7648251089954,56663.97133397503,1.3170989780556867e-24,1.0207517079931572e-23,4.341601112241911e-06,2.1900279815544262e-06,0.5879548453400402,0.4120340965054296,4.526525436451439e-06,C5,0.014088938,2.482473e-07,1.7620014e-05,56753.414,56753.414,4.753307009082942
1248.7147050166277,1983.685809518662,4.493983856783881e-23,3.7252760918076914e-22,0.0006774678316763,6.67723051442245e-05,0.5478110099564338,0.4514236901983162,2.105970842934408e-05,C5,0.0136073725,1.6419791e-06,0.000120668345,8287.173,8287.173,3.297472886569267
1865.5743144315536,906.0394314962616,1.0802700075124627e-20,1.4640501417603116e-19,1.2296082780175071e-05,1.306420974705988e-05,0.3240690491674525,4.272839913539158e-06,0.6759013177001066,C5,3.486062e-16,6.8298065e-09,6827.427,5.1034412e-08,6827.427,2.957147098900423
2276.4138507606435,0.0619501694799492,1.9278604766086212e-16,3.1556032011856903e-15,1.8827654909899412e-08,0.0051272852637222,0.0057089016586178,0.9891373583461036,2.643590390114212e-05,C5,1.3432657e-07,9.3590975e-11,0.0006967369,1420.0781,1420.0781,-1.2079575011667547
1165.705986067731,343.03605272561697,4.441729617901589e-22,3.5647727446235815e-21,0.4744047065802068,9.43587939339722e-06,0.4560769362268597,0.0398668739981907,0.0296420473153493,C5,0.02427476,1.7775741e-07,7.3227257e-06,136560.4,136560.4,2.5353397663313153
1772.7502623246162,76.39758294260862,0.0,2.076929364481139e-20,4.732341265100356e-09,0.0065578464058185,0.5771934977201628,0.4161414414105503,0.000107209731127,O2,1.7781407e-07,2.803812e-23,1.5768135e-16,177814.08,177814.08,1.8830796186373036
729.7955373805158,19405.1737419233,1.0384762684232747e-23,1.0280915057390417e-21,4.608319487109857e-07,0.6832654409020479,0.0278091382109131,0.0510354415859675,0.2378895184691227,O2,7.8065305e-09,1.4388167e-05,1842.8575,0.000542566,1842.8575,4.2879175354976145
1314.844789321564,15.32503267994297,3.1198407916597375e-22,5.428522977487943e-20,8.578564041978882e-05,0.0057181034726353,0.5192047130700354,0.4749867574025501,4.640414359557656e-06,O2,4.1115253e-09,1.2149411e-28,2.9542458e-20,4111.5254,4111.5254,1.185401409304891
1535.0351417877102,1172.2240543022042,4.7900482571395025e-24,9.460345307850516e-22,1.6143947962414127e-05,0.0034416161794908,0.5912928016682376,0.4052463829504141,3.055253894789459e-06,O2,1.3713692e-09,1.4591925e-25,1.06326524e-16,1371.3693,1371.3693,3.069010628957841
1652.2370105654863,12778.532506510955,1.3933716347381759e-24,3.0445170219029145e-22,2.6188007857334923e-09,0.5522629158032735,0.0009667534805264,0.0007034821351279,0.4460668459622713,O2,0.039026745,2.1386244e-10,5.4798943e-09,181635950.0,181635950.0,4.1064809820760235
1277.7115751288168,6105.080209998528,2.7882911920634043e-24,3.3087722145819064e-22,0.0088094344870737,0.6429058663258066,0.0001915592427731,0.0002388888082793,0.3478542511360671,O2,0.032165635,1.3571194e-11,4.2191592e-10,2207481300.0,2207481300.0,3.785691374182772
1043.9799450581354,4.90776816908988e-05,1.7621478619867683e-14,7.459759282410652e-13,7.496533915587894e-07,0.6756591229903842,0.3057887195614772,0.0003674072590101,0.0181840005357368,O2,0.04094871,1.5625596e-05,0.00038158943,2620.6174,2620.6174,-4.309115960464791
1061.689501389845,4656.489690190466,1.8887439439415077e-22,8.688222142130934e-21,0.1048584322147146,0.6222530442182721,0.0066544630021111,5.592331931614798e-07,0.2662335013317088,O2,8.7251124e-08,0.0016043099,18387.059,5.4385455e-05,18387.059,3.6680586457321844
724.7306907084643,1129.465648991592,6.201326335273458e-22,1.71865329863293e-20,5.418638233173658e-09,0.6926998323682335,1.254959539813267e-07,8.159620505859509e-09,0.3073000285575537,O2,3.9894905e-09,0.00024006361,60158.92,1.6618473e-05,60158.92,3.0528730270401283
1956.852839218951,5.49131402170395e-10,3.443999706297474e-09,2.3615997986039825e-07,0.0098931859488558,0.2918095040371997,0.2848333723995047,0.0002408947678614,0.4132230428465782,O2,2.2048489e-07,2.0019542e-13,9.0797386e-07,183707.48,183707.48,-9.260323720378448
2881.8750128190777,859.3259325622507,4.3137609274234235e-23,4.8991999104308875e-21,1.0891814994463521e-07,0.0332617219208498,0.5293248529928637,0.4373900914989199,2.322466921645085e-05,O2,0.00022537814,1.5909879e-15,7.0591935e-12,225020140.0,225020140.0,2.9341579180402935
981.6055103232349,4.1839928063859173e-10,2.915223223150172e-09,7.806319964213239e-08,0.0279313226022958,0.0128036787994979,7.977968610532828e-07,0.9590370806896776,0.0002271201116676,O2,3.4498113e-10,1.1367965e-05,32857.184,3.0346777e-05,32857.184,-9.378409070830454
2021.5815680423975,2.3648679392951517,1.519144309508517e-20,9.216142144351673e-19,0.0002368966910645,0.0003140313573043,0.5359499247946118,0.463435506140215,6.364101680435032e-05,O2,1.285667e-08,7.9358145e-25,6.172047e-17,12856.671,12856.671,0.3738068935572372
2625.350919091712,385.2107678512923,1.3165013075052225e-22,9.386654322512235e-21,0.0366600389323158,0.0006745570427567,0.5223199998076961,0.4401586864113954,0.000186717805836,O2,4.275835e-08,5.603443e-20,1.3104603e-12,42758.348,42758.348,2.585698418517495
792.35538260211,0.559047817184163,6.746467221819322e-20,1.040080363363812e-18,7.46617310714826e-08,0.5910300220390585,0.0180941113826283,0.0023341126651365,0.3885416792514454,O2,0.028730344,7.240135e-19,2.5200307e-17,28730323000.0,28730323000.0,-0.2525510439005654
781.5819265362968,0.8309177042396965,4.751305102623745e-20,7.404117118255338e-19,0.000559188360002,0.6307158543422164,0.0163459784029404,2.8196689760906668e-05,0.35235078220508,O2,0.030488208,5.5399077e-18,1.8170657e-16,30488040000.0,30488040000.0,-0.0804419874847646
1974.4042955875111,29139.360939889222,4.8090105597697515e-24,2.0798970671004172e-22,8.581253429157073e-05,0.5584546007238017,3.240065856933714e-05,5.20777337976123e-05,0.4413751083495398,O2,0.04283859,3.662673e-08,8.5499386e-07,1169567.1,1169567.1,4.464480022954799
2682.9531019717715,1892.4158630517725,2.965293235595309e-23,1.764349475179209e-21,0.0068172485111277,0.0713856992257321,0.503672316763929,0.4181027358446437,2.199965456733154e-05,O2,0.0004969991,2.1843654e-15,4.3951093e-12,495915870.0,495915870.0,3.2770165798367774
1916.2570834736969,7.099102841037191e-05,4.844812127477449e-14,1.841028608441431e-12,4.4146917198627066e-07,4.271965214283985e-05,3.9809118001914336e-05,0.9999168567764084,1.7298427494979228e-07,O2,1.0126214e-08,4.2559693e-12,0.00042025076,1926.612,1926.612,-4.14879653238036
1266.4848871321965,44803.241517384966,5.463888097883256e-23,1.401097019385778e-21,0.6517514464390158,0.3438056424732549,6.264693813896495e-07,0.0039706651989152,0.0004716194194326,O2,0.02451075,8.001032e-06,0.00032642952,3063.4482,3063.4482,4.651309436368363
1019.8517266045462,77778.3383469335,7.502040036288831e-25,1.3953794467497225e-23,0.0005159058895912,0.6408018888153083,0.0006170236694188,2.6106074974501305e-05,0.3580390755507071,O2,0.027626539,1.2675931e-13,4.5883167e-12,24518580000.0,24518580000.0,4.890858660661966
735.337131091197,9.083293277724278e-07,1.7883243197223905e-12,1.90009458970504e-11,0.6365293428559526,0.3550916407617416,0.0058531323127001,0.000165797456994,0.0023600866126117,O2,0.030192299,2.0598447e-05,0.00068224175,1465.756,1465.756,-6.041756663259479
904.8495248130836,39889.84169700165,1.605728549531562e-24,2.398557020862771e-23,3.873309082284032e-07,0.5821081512018618,4.735776054322933e-05,9.182299205837031e-10,0.4178441027884569,O2,0.032044597,1.058818e-15,3.3042013e-14,32010703000.0,32010703000.0,4.600862312813849
808.1249362135163,0.0104735935881651,1.917512843662911e-16,1.928165692794372e-15,3.123879141268622e-07,0.337390608661348,0.005098680434237,0.5058973456444936,0.151613052872007,O2,0.0029477929,1.7315807e-08,5.8741603e-06,170227.27,170227.27,-1.979904282242981
947.8831616944352,0.1352703808706546,6.875150096733547e-19,8.555742342601745e-18,2.6442551405836933e-05,0.5614964255799376,2.9619861146961125e-05,5.394159243966147e-05,0.4383935704150699,O2,0.03947974,1.479472e-15,3.7474208e-14,39421415000.0,39421415000.0,-0.8687972871616819
973.685052796658,1099.6034243902652,6.992364305623193e-23,1.0643932331893082e-21,9.828662737504076e-06,0.5358922387401394,0.0002888797185632,6.737344127105552e-05,0.4637416794372889,O2,0.03177502,2.7135463e-15,8.539873e-14,31689032000.0,31689032000.0,3.041236083655498
1051.6100238240151,8601.223824779809,3.376041259127079e-22,4.675817143891005e-21,0.001543090733969,0.0008947483149051,6.933998275938776e-06,0.9975526301002182,2.596852631655964e-06,O2,0.000101993835,8.4754453e-10,8.309762e-06,120198.57,120198.57,3.934560249212712
1927.2548435969688,1.3409323283496563e-10,3.9686713136981494e-08,9.52481115287556e-07,0.0006822279748563,0.3110543816827018,0.2990854516963949,0.0017903917454376,0.3873875469006094,O2,2.7331197e-07,7.460617e-12,2.7296976e-05,32304.021,32304.021,-9.872593138752352
1913.868352745469,0.2440967256265598,2.8641942096025213e-19,7.232090379246364e-18,0.0030094713496229,0.0143227822857868,0.5062510090570412,0.4764135731661801,3.1641413687256663e-06,O2,5.998834e-05,1.1886399e-23,1.9814516e-19,59988340.0,59988340.0,-0.612438046276603
925.551493081191,40155.77106653302,1.806061049069189e-24,2.046869188945081e-23,0.0241800372897331,0.6121284955528242,0.0001372620217965,0.0166394400895642,0.3469147650460817,O2,0.027025718,2.324632e-15,8.6015545e-14,26963038000.0,26963038000.0,4.603747969595755
832.1894178961933,4.788001264157541e-08,6.757162304093109e-13,6.357875440669424e-12,3.588860122955783e-07,0.0804921427021254,0.4684655663837299,0.4510419251302169,6.897915380922428e-09,O2,1.3296935e-05,0.0,0.0,13296935.0,13296935.0,-7.319845743600512
1142.785677456178,2.960854841194819,1.1723393514800011e-18,1.6359462768380008e-17,5.20034616334713e-07,0.6895581564699288,3.4420673355929805e-06,5.642194328737384e-05,0.3103814594848318,O2,0.04320652,8.6314095e-08,1.99771e-06,500567.38,500567.38,0.4714171161993619
941.2859518228134,1.6805302159109543,7.375751725478695e-20,7.279546268189842e-19,8.908548860063121e-08,0.5052250183086936,0.0001938990528208,2.16215235245484e-06,0.4945788314006445,O2,0.041468654,3.8586708e-16,9.3050305e-15,41452660000.0,41452660000.0,0.22544632548471094
2824.3817078552743,516.7246131020336,2.69301672121034e-22,8.816702569875592e-21,1.875490747904016e-06,0.0002898381000868,0.5048623012350297,0.4948459803562721,4.817863417397675e-09,O2,1.2721085e-08,5.744017e-20,4.514997e-12,12721.083,12721.083,2.71325914875257
1027.6285071101006,0.001045363294804,3.2573425744328434e-15,3.51521552824211e-14,1.3467278570360987e-05,0.664504501496752,0.2969749477432387,0.0383291810389161,0.0001779024425226,O2,0.09990475,1.3886361e-05,0.000138996,7194.451,7194.451,-2.9807327530845833
1267.9541306788665,150.27734169385795,2.795789892909076e-20,4.100491842933312e-19,4.191738964841897e-06,0.0311786159963212,1.974257321289672e-07,0.954441480682475,0.0143755141565068,O2,0.0014668746,6.985441e-07,0.00047621256,2099.8997,2099.8997,2.1768935040789987
759.6433057786612,0.0097122469919811,1.257343236677567e-17,8.08292080721293e-17,8.667834674910193e-09,0.577241059653419,1.726968706744492e-05,1.0568829410848465e-07,0.4227415563033848,O2,0.041583642,1.2733546e-19,3.0621525e-18,41583636000.0,41583636000.0,-2.012680281593107
934.4121933338204,0.1464276734667743,8.719624537377434e-19,7.006841146106867e-18,5.5983698766280673e-05,0.5269704370733316,0.0235461547721729,0.0007721952790669,0.4486552291766623,O2,0.03534607,7.512648e-16,2.125455e-14,35319534000.0,35319534000.0,-0.8343768379076979
1851.4913019855253,34572.250022403605,2.6824537731171075e-24,4.962539480266649e-23,1.8483929797477054e-07,0.0213670846898435,0.5374309079474558,0.4412017650105546,5.7512847957274267e-08,O2,8.630837e-08,2.2989125e-20,2.6635722e-13,86308.37,86308.37,4.538727645105476
906.2005598387824,6.185652547598834e-08,5.865703192879945e-11,4.1666719232181674e-10,0.6539031584211038,0.3313761939288491,0.0002167860974555,0.0111481320260902,0.0033557295265013,O2,3.6517772e-12,7.527197e-09,1618.1335,0.00048507995,1618.1335,-7.208614478270515
891.071196317675,185.3855970135217,7.675213767446243e-22,5.9354986468250926e-21,7.244825435935328e-07,0.5647324362373947,3.091722766682069e-07,8.162267797303543e-08,0.4352664484851071,O2,0.038552232,1.7959838e-16,4.658573e-15,38545306000.0,38545306000.0,2.268075989891912
1035.500223538913,7.757011171306339e-07,5.5291741768760205e-12,4.6260757279862706e-11,0.5534319837134296,0.363181607464335,0.0657778340724588,0.0175521919464973,5.638280327904067e-05,O2,3.008444e-12,6.414507e-08,16002.487,4.6899895e-05,16002.487,-6.1103055831035515
1332.8098799603729,0.0665646795223358,8.569769392641192e-17,9.482035166696543e-16,0.0020322370472313,0.2958586969502122,0.1472990633482247,0.5540956087274146,0.0007143939269169,O2,1.930481e-08,2.1146723e-05,1095.3553,0.00091289834,1095.3553,-1.1767561545765377
2626.9513341361217,1.4220712597144964e-06,7.906342872720133e-12,1.7597988974764167e-10,7.0002588590808595e-09,0.5118926074178956,0.4881072739536325,8.875075565261458e-08,2.2877457337243366e-08,O2,4.435562e-06,1.16698665e-11,2.6309776e-06,350087.5,350087.5,-5.84707864064888
911.4547720457136,4.695589638585466e-06,8.575871017916346e-13,5.681514549369579e-12,0.6762932325738625,0.3213630588107624,5.31346473463443e-08,2.2227400468126863e-08,0.0023436332533272,O2,1.2869345e-15,9.715587e-09,9703.1,1.3244718e-07,9703.1,-5.328309864376536
869.5878675000179,0.0009271248964508,4.273389201730957e-15,2.835976470239635e-14,0.6693152613936347,0.3301260504500958,0.0005574929464719,7.507197513170078e-07,4.444900462647494e-07,O2,3.6526207e-18,2.165415e-07,216540.7,1.6867917e-11,216540.7,-3.032861756485851
965.193508838589,0.0372558125376809,1.2876745653186763e-16,7.940659819465171e-16,0.0326733571640279,0.0182683910161696,7.77813840267409e-05,0.9488868647429668,9.360569280891516e-05,O2,0.0016122257,4.2653074e-08,2.645602e-05,37797.695,37797.695,-1.4288059603355672
997.4859562098776,68840.28806366982,2.3530338771762224e-24,1.7214300469868152e-23,0.0144522156334782,0.630047705833498,2.134569770707557e-05,9.652817289752683e-07,0.3554777675535877,O2,0.030952604,1.7605649e-12,5.687938e-11,11212417000.0,11212417000.0,4.837842678973949
1156.0835751940551,34116.71421962855,5.98810476802388e-24,5.026856371051626e-23,1.7662790627674917e-06,0.4968186698952081,0.0752452321192455,2.0201743269734345e-08,0.4279343115047401,O2,0.0336822,5.847255e-14,1.7360073e-12,31821517000.0,31821517000.0,4.532967197612752
686.8535985318422,0.0022421449960243,5.303385126500355e-17,2.43411778882965e-16,6.882522656182687e-05,0.6496751110247153,8.809791572375488e-07,0.0027804318638779,0.3474747509056876,O2,0.032151762,2.1607753e-18,6.72055e-17,32151693000.0,32151693000.0,-2.6493363056852517
2619.736800613569,9960.37779207522,1.874562295564203e-23,3.4463106818449577e-22,0.0157109694657909,0.0107132923058699,0.5501709315650251,0.4234042906471421,5.160161720277485e-07,O2,1.3295207e-06,6.6784776e-17,5.023218e-11,1329432.0,1329432.0,3.998275811305419
1772.7502623246162,76.39758294260862,0.0,2.076929364481139e-20,4.732341265100356e-09,0.0065578464058185,0.5771934977201628,0.4161414414105503,0.000107209731127,H2,0.013764156,6.175224e-17,4.486453e-15,13763305000.0,13763305000.0,1.8830796186373036
1513.967819292934,1.5069927456783785,2.47084068878651e-21,9.537445058715928e-19,5.195443867128025e-08,8.082276701015261e-09,0.5170806878997785,0.4829168553618077,2.3967016983924705e-06,H2,0.017813776,8.888873e-15,4.989887e-13,17656828000.0,17656828000.0,0.1781111617244307
1314.844789321564,15.32503267994297,3.1198407916597375e-22,5.428522977487943e-20,8.578564041978882e-05,0.0057181034726353,0.5192047130700354,0.4749867574025501,4.640414359557656e-06,H2,0.013168796,1.2170345e-07,9.241806e-06,108203.08,108203.08,1.185401409304891
1535.0351417877102,1172.2240543022042,4.7900482571395025e-24,9.460345307850516e-22,1.6143947962414127e-05,0.0034416161794908,0.5912928016682376,0.4052463829504141,3.055253894789459e-06,H2,0.013247042,3.0210444e-08,2.2805427e-06,438477.66,438477.66,3.069010628957841
1277.7115751288168,6105.080209998528,2.7882911920634043e-24,3.3087722145819064e-22,0.0088094344870737,0.6429058663258066,0.0001915592427731,0.0002388888082793,0.3478542511360671,H2,1.0023803e-14,9.498156e-06,9403894.0,1.0553419e-09,9403894.0,3.785691374182772
749.0297547172697,5.509555118259887e-06,1.2968346069597612e-15,5.6088096751009674e-14,3.2492346455738305e-05,0.0001433678332734,0.5185430331698908,0.4765581293242452,0.0047229773261349,H2,0.017272642,1.9985575e-09,1.15706534e-07,8638232.0,8638232.0,-5.258883467842444
718.2577011136351,5.4718782178141595e-08,1.1907242195577784e-13,3.953204408931825e-12,0.0003598247439353,0.0010442814419639,0.5328253560060923,0.4657376624558159,3.287535219236731e-05,H2,0.013140565,1.6716456e-07,1.2721262e-05,78608.09,78608.09,-7.261863576843469
1920.83671524584,18318.38573389192,9.71216562131773e-25,1.0081227914927806e-22,1.5359824550448095e-05,0.0014294487368253,0.5877274380927401,0.4106044330126591,0.0002233203332248,H2,0.013417128,2.3197602e-08,1.7289544e-06,578359.3,578359.3,4.2628871998038775
2144.5031256052,7.967948865403874,4.0330024502896024e-21,3.959064072034293e-19,0.0002287433106095,7.537829533338489e-08,0.4891866420995817,0.4707384858088518,0.0398460534026616,H2,0.018088968,2.363417e-08,1.3065516e-06,765341.1,765341.1,0.9013465383242529
806.3032112903464,0.2313364358233395,3.368493228018566e-18,8.854325056505945e-17,0.3378097829747003,0.1466633240676767,7.2100524377959045e-09,0.5155248609477967,2.024799773813593e-06,H2,0.052152522,4.7010875e-05,0.00090141135,1109.3715,1109.3715,-0.6357559598328706
1629.5240839734709,0.0030205724593736,5.213777107934736e-16,3.1133697587381715e-14,0.000119776082671,0.3598140677845898,0.4649735571330479,0.0024356462178571,0.172656952781834,H2,0.00010236917,2.1498085e-08,0.00021000546,4761.5596,4761.5596,-2.519910741683011
2881.8750128190777,859.3259325622507,4.3137609274234235e-23,4.8991999104308875e-21,1.0891814994463521e-07,0.0332617219208498,0.5293248529928637,0.4373900914989199,2.322466921645085e-05,H2,0.013309371,1.21542214e-14,9.132078e-13,13149549000.0,13149549000.0,2.9341579180402935
1192.1900227864678,29426.867351312827,6.597665669064542e-25,2.622572103453155e-23,1.6604418159404817e-05,1.130174503247332e-07,0.4729918411723531,0.4663519023584263,0.0606395390336108,H2,0.014744009,6.3828023e-09,4.329082e-07,2309596.8,2309596.8,4.468744031571175
2378.9321251955216,17876.481013016062,2.7125627656929403e-24,2.1632688056401197e-22,1.0075970540687829e-06,3.265525059482877e-07,0.5245774930796386,0.4753292236931629,9.194907763848704e-05,H2,0.01845468,8.162206e-12,4.422838e-10,2014218100.0,2014218100.0,4.252282031963263
807.319190178567,878.2153290398684,1.1422733531065589e-21,2.474925598397544e-20,0.0364666977563607,0.6422021791789865,0.3169000199115649,0.0004209232756686,0.0040101798774192,H2,0.0009722274,6.0773665e-08,6.2509724e-05,15997.248,15997.248,2.943601013341503
2021.5815680423975,2.3648679392951517,1.519144309508517e-20,9.216142144351673e-19,0.0002368966910645,0.0003140313573043,0.5359499247946118,0.463435506140215,6.364101680435032e-05,H2,0.01430174,3.0225902e-08,2.1134424e-06,473146.1,473146.1,0.3738068935572372
1525.0581274642573,3675.736334197864,9.367856434601288e-24,3.7190390045367107e-22,1.791047255938239e-06,2.8468304915525734e-08,0.5353639417119171,0.4646026063244262,3.163244809566782e-05,H2,0.016353657,2.8177807e-10,1.7230278e-08,57832124.0,57832124.0,3.5653443512696317
781.5819265362968,0.8309177042396965,4.751305102623745e-20,7.404117118255338e-19,0.000559188360002,0.6307158543422164,0.0163459784029404,2.8196689760906668e-05,0.35235078220508,H2,6.729238e-19,7.8075125e-08,78075.08,8.618816e-12,78075.08,-0.0804419874847646
1974.4042955875111,29139.360939889222,4.8090105597697515e-24,2.0798970671004172e-22,8.581253429157073e-05,0.5584546007238017,3.240065856933714e-05,5.20777337976123e-05,0.4413751083495398,H2,1.6819047e-12,9.614901e-07,358510.16,1.7492671e-06,358510.16,4.464480022954799
773.6493923904985,13741.138494501063,3.2844323632346942e-24,4.598205308528572e-23,0.477259583855948,0.1514339027552035,0.3416380090970697,0.0207815385877994,0.0088869657039791,H2,0.030180577,4.513277e-06,0.00014954244,6687.064,6687.064,4.138022716813483
1019.8517266045462,77778.3383469335,7.502040036288831e-25,1.3953794467497225e-23,0.0005159058895912,0.6408018888153083,0.0006170236694188,2.6106074974501305e-05,0.3580390755507071,H2,3.0344561e-21,2.4107846e-08,24107.846,1.2586484e-13,24107.846,4.890858660661966
1040.7030964437529,3.341711443818518e-05,9.783886648673208e-16,1.5593069346322928e-14,0.0002642550898647,2.432628305518036e-06,0.5587499515305686,0.4409783229250605,5.037826200643152e-06,H2,0.014221659,9.5899146e-08,6.7431756e-06,148296.53,148296.53,-4.476031054073923
700.5333994339559,25416.232137449253,6.46919217302987e-23,7.572760249605554e-22,0.5756286182375535,0.3758685799250806,0.0474059039976851,0.0010219183726089,7.497946707155851e-05,H2,0.0005672097,1.529162e-07,0.0002695938,3709.2603,3709.2603,4.405111168436688
947.8831616944352,0.1352703808706546,6.875150096733547e-19,8.555742342601745e-18,2.6442551405836933e-05,0.5614964255799376,2.9619861146961125e-05,5.394159243966147e-05,0.4383935704150699,H2,8.978584e-15,7.099277e-08,70361.02,1.2647003e-07,70361.02,-0.8687972871616819
973.685052796658,1099.6034243902652,6.992364305623193e-23,1.0643932331893082e-21,9.828662737504076e-06,0.5358922387401394,0.0002888797185632,6.737344127105552e-05,0.4637416794372889,H2,1.4072779e-20,1.9457183e-09,1945.7183,7.2289752e-12,1945.7183,3.041236083655498
1392.2272345195547,4.90120832550767e-05,1.296069012521324e-15,2.164435250910611e-14,0.0046781586762995,8.135247157181891e-06,0.4997982861400201,0.4955078048145241,7.615121998977813e-06,H2,0.016523723,8.117045e-07,4.9123588e-05,20356.793,20356.793,-4.309696837439302
1913.868352745469,0.2440967256265598,2.8641942096025213e-19,7.232090379246364e-18,0.0030094713496229,0.0143227822857868,0.5062510090570412,0.4764135731661801,3.1641413687256663e-06,H2,0.013229367,2.150256e-06,0.00016253657,6152.459,6152.459,-0.612438046276603
925.551493081191,40155.77106653302,1.806061049069189e-24,2.046869188945081e-23,0.0241800372897331,0.6121284955528242,0.0001372620217965,0.0166394400895642,0.3469147650460817,H2,7.4663285e-21,7.865376e-07,786537.6,9.492641e-15,786537.6,4.603747969595755
1332.5119942130812,0.3880543215069267,1.4716159805473328e-19,2.4176548251849042e-18,0.0006485009622307,4.221866846243696e-07,0.5418614642213111,0.4537130957573126,0.0037765168724608,H2,0.014781323,1.4966288e-06,0.00010125134,9876.406,9876.406,-0.4111074757475245
832.1894178961933,4.788001264157541e-08,6.757162304093109e-13,6.357875440669424e-12,3.588860122955783e-07,0.0804921427021254,0.4684655663837299,0.4510419251302169,6.897915380922428e-09,H2,0.012799425,1.8863605e-13,1.4737853e-11,10768162000.0,10768162000.0,-7.319845743600512
2824.3817078552743,516.7246131020336,2.69301672121034e-22,8.816702569875592e-21,1.875490747904016e-06,0.0002898381000868,0.5048623012350297,0.4948459803562721,4.817863417397675e-09,H2,0.015515425,3.922703e-12,2.52826e-10,3151810300.0,3151810300.0,2.71325914875257
800.6909122398415,5.6578213355003545e-05,4.8847117236698544e-14,3.419298206568898e-13,0.6900083469533599,0.3097630026400377,5.268454052995941e-05,3.175690738511881e-05,0.0001442089586871,H2,0.10196058,1.4585099e-06,1.4304645e-05,69907.31,69907.31,-4.247350770953157
1623.0397989243552,1.3334593776722787,6.380209172793676e-20,1.00665522504078e-18,1.05777195095819e-06,0.0001349747003606,0.5896944156470828,0.4098268576034534,0.0003426942771521,H2,0.014061721,1.1200451e-12,7.965207e-11,6632746500.0,6632746500.0,0.12497978993853742
690.3666407019778,4.1458180515161213e-10,9.158635296745122e-11,5.266215295628443e-10,1.5971800800969973e-05,1.2752158166648036e-08,0.5414105977883151,0.4585690972610486,4.320397677006293e-06,H2,0.014227215,1.757659e-09,1.2354202e-07,8089809.0,8089809.0,-9.382389761807156
934.4121933338204,0.1464276734667743,8.719624537377434e-19,7.006841146106867e-18,5.5983698766280673e-05,0.5269704370733316,0.0235461547721729,0.0007721952790669,0.4486552291766623,H2,9.72659e-15,1.3286332e-07,131583.47,7.320694e-08,131583.47,-0.8343768379076979
1851.4913019855253,34572.250022403605,2.6824537731171075e-24,4.962539480266649e-23,1.8483929797477054e-07,0.0213670846898435,0.5374309079474558,0.4412017650105546,5.7512847957274267e-08,H2,0.012956775,1.7472904e-12,1.3485535e-10,4716201500.0,4716201500.0,4.538727645105476
1024.900170007492,39.2124154635526,1.4113847260739505e-21,1.3189146922966918e-20,5.145064491672e-08,0.0003549491852103,0.5619470332070089,0.4376110351918512,8.693096528475875e-05,H2,0.013486714,3.5504295e-13,2.6325386e-11,9952979000.0,9952979000.0,1.5934235954290479
1112.8787877442817,645.9797985736442,9.715458804328124e-23,8.587211975438406e-22,1.6157012287038403e-05,0.0007855581984625,0.5667529324989345,0.4303079012154603,0.0021374510748554,H2,0.013176177,1.2643925e-08,9.59605e-07,1042013.0,1042013.0,2.8102189367177246
2707.60138196987,84401.81580181664,2.1905537448320112e-24,5.080671427529728e-23,1.2029819651161172e-05,3.652768780999509e-05,0.5093511670249429,0.4905994590500661,8.164175298531341e-07,H2,0.015954236,3.506283e-09,2.197713e-07,4548887.5,4548887.5,4.926351790040659
911.4547720457136,4.695589638585466e-06,8.575871017916346e-13,5.681514549369579e-12,0.6762932325738625,0.3213630588107624,5.31346473463443e-08,2.2227400468126863e-08,0.0023436332533272,H2,0.058088478,5.3700387e-05,0.0009244585,1081.7144,1081.7144,-5.328309864376536
869.5878675000179,0.0009271248964508,4.273389201730957e-15,2.835976470239635e-14,0.6693152613936347,0.3301260504500958,0.0005574929464719,7.507197513170078e-07,4.444900462647494e-07,H2,0.01694488,2.6097757e-07,1.540156e-05,64928.242,64928.242,-3.032861756485851
786.8315753515415,4.2532316856968017e-10,1.2109150230915836e-10,5.570209106221285e-10,1.1336015251559665e-06,1.2781906020934763e-05,0.5174558685202592,0.4777566806539968,0.0047735353181978,H2,0.013545643,4.3054574e-13,3.1784814e-11,9468863000.0,9468863000.0,-9.371280959378833
843.3930018416113,146.74904202199275,5.219834149559863e-22,3.47491816242128e-21,2.12493914588874e-07,3.8113717952572106e-08,0.5324499535435913,0.4675494834678044,3.123809716590618e-07,H2,0.01879536,4.249946e-11,2.2611677e-09,432082620.0,432082620.0,2.1665752748537557
1065.7648251089954,56663.97133397503,1.3170989780556867e-24,1.0207517079931572e-23,4.341601112241911e-06,2.1900279815544262e-06,0.5879548453400402,0.4120340965054296,4.526525436451439e-06,H2,0.014088938,6.826677e-08,4.8454162e-06,206377.58,206377.58,4.753307009082942
863.8773355958343,6480.62014795038,6.809578217817455e-22,4.361810912493883e-21,0.6718896073146685,0.3215033528657269,0.0065959887239407,8.927923329947872e-06,2.1231723339108566e-06,H2,0.017983833,2.4009025e-06,0.00013350337,7490.4443,7490.4443,3.8116165666647444
997.4859562098776,68840.28806366982,2.3530338771762224e-24,1.7214300469868152e-23,0.0144522156334782,0.630047705833498,2.134569770707557e-05,9.652817289752683e-07,0.3554777675535877,H2,5.8180214e-20,3.1584077e-07,315840.72,1.8420684e-13,315840.72,4.837842678973949
1865.5743144315536,906.0394314962616,1.0802700075124627e-20,1.4640501417603116e-19,1.2296082780175071e-05,1.306420974705988e-05,0.3240690491674525,4.272839913539158e-06,0.6759013177001066,H2,1.9474185e-06,5.9881944e-10,0.0003074938,3246.6746,3246.6746,2.957147098900423
686.8535985318422,0.0022421449960243,5.303385126500355e-17,2.43411778882965e-16,6.882522656182687e-05,0.6496751110247153,8.809791572375488e-07,0.0027804318638779,0.3474747509056876,H2,4.4015847e-19,3.4085728e-09,3408.5713,1.290949e-10,3408.5713,-2.6493363056852517
1207.8165846680972,468.39729787197894,0.0,1.7142570338780737e-21,0.0026194251717787,2.3512429222784922e-08,0.5423960758914417,0.4536017428148408,0.0013827326095096,H,3.5154433e-06,3.7107012e-10,0.00010555426,9448.335,9448.335,2.6706143810146
1772.7502623246162,76.39758294260862,0.0,2.076929364481139e-20,4.732341265100356e-09,0.0065578464058185,0.5771934977201628,0.4161414414105503,0.000107209731127,H,4.842694e-05,7.867141e-13,1.6245382e-08,27103912.0,27103912.0,1.8830796186373036
1513.967819292934,1.5069927456783785,2.47084068878651e-21,9.537445058715928e-19,5.195443867128025e-08,8.082276701015261e-09,0.5170806878997785,0.4829168553618077,2.3967016983924705e-06,H,0.0004139844,2.691898e-12,6.5024137e-09,112133224.0,112133224.0,0.1781111617244307
1314.844789321564,15.32503267994297,3.1198407916597375e-22,5.428522977487943e-20,8.578564041978882e-05,0.0057181034726353,0.5192047130700354,0.4749867574025501,4.640414359557656e-06,H,4.0306364e-05,4.8382637e-10,1.2003721e-05,83135.67,83135.67,1.185401409304891
1535.0351417877102,1172.2240543022042,4.7900482571395025e-24,9.460345307850516e-22,1.6143947962414127e-05,0.0034416161794908,0.5912928016682376,0.4052463829504141,3.055253894789459e-06,H,8.965817e-06,1.3960443e-09,0.00015570741,6417.704,6417.704,3.069010628957841
1770.965892614104,94.86975834376868,7.771917183766033e-23,1.8264005381850174e-20,0.0755562728523423,1.8154890193443533e-06,0.4338482945580105,0.4280141421572787,0.0625794749433489,H,0.0022767466,1.0919186e-06,0.00047959606,2085.0862,2085.0862,1.977127794328954
749.0297547172697,5.509555118259887e-06,1.2968346069597612e-15,5.6088096751009674e-14,3.2492346455738305e-05,0.0001433678332734,0.5185430331698908,0.4765581293242452,0.0047229773261349,H,0.00038098037,2.4431912e-14,6.4129056e-11,371894270.0,371894270.0,-5.258883467842444
718.2577011136351,5.4718782178141595e-08,1.1907242195577784e-13,3.953204408931825e-12,0.0003598247439353,0.0010442814419639,0.5328253560060923,0.4657376624558159,3.287535219236731e-05,H,0.001315864,6.4520324e-13,4.9032667e-10,799818500.0,799818500.0,-7.261863576843469
1185.0153971071625,2.379890126320486,4.609086786770006e-21,2.8207611135032443e-19,0.0335164435923834,0.0005043678856015,0.5396406099867985,0.4263385635668879,1.4968328544691042e-08,H,0.0003196672,3.987422e-09,1.2473666e-05,80148.79,80148.79,0.3765569072102082
2144.5031256052,7.967948865403874,4.0330024502896024e-21,3.959064072034293e-19,0.0002287433106095,7.537829533338489e-08,0.4891866420995817,0.4707384858088518,0.0398460534026616,H,0.018088968,3.0865468e-07,1.7063145e-05,58605.656,58605.656,0.9013465383242529
2881.8750128190777,859.3259325622507,4.3137609274234235e-23,4.8991999104308875e-21,1.0891814994463521e-07,0.0332617219208498,0.5293248529928637,0.4373900914989199,2.322466921645085e-05,H,0.00045062735,6.783505e-10,1.5053469e-06,663320.9,663320.9,2.9341579180402935
1192.1900227864678,29426.867351312827,6.597665669064542e-25,2.622572103453155e-23,1.6604418159404817e-05,1.130174503247332e-07,0.4729918411723531,0.4663519023584263,0.0606395390336108,H,2.748917e-08,3.4292895e-13,1.2474603e-05,20469.564,20469.564,4.468744031571175
2378.9321251955216,17876.481013016062,2.7125627656929403e-24,2.1632688056401197e-22,1.0075970540687829e-06,3.265525059482877e-07,0.5245774930796386,0.4753292236931629,9.194907763848704e-05,H,3.163829e-05,9.729099e-10,3.0751024e-05,32485.852,32485.852,4.252282031963263
1551.8812667044888,0.2199904712841117,1.232881764036663e-19,5.821941663506465e-18,0.1354425966736281,9.927737257651588e-05,0.4525952338263279,0.4109518154572146,0.0009110766702528,H,0.014065041,2.7765302e-06,0.00019740648,5065.6885,5065.6885,-0.6575961298975735
2021.5815680423975,2.3648679392951517,1.519144309508517e-20,9.216142144351673e-19,0.0002368966910645,0.0003140313573043,0.5359499247946118,0.463435506140215,6.364101680435032e-05,H,0.01430174,2.7914948e-07,1.9518568e-05,51233.086,51233.086,0.3738068935572372
1525.0581274642573,3675.736334197864,9.367856434601288e-24,3.7190390045367107e-22,1.791047255938239e-06,2.8468304915525734e-08,0.5353639417119171,0.4646026063244262,3.163244809566782e-05,H,2.1004068e-06,4.392472e-11,2.0912474e-05,46753.92,46753.92,3.5653443512696317
1974.4042955875111,29139.360939889222,4.8090105597697515e-24,2.0798970671004172e-22,8.581253429157073e-05,0.5584546007238017,3.240065856933714e-05,5.20777337976123e-05,0.4413751083495398,H,2.1433497e-12,9.686236e-09,3081.5012,0.00022125503,3081.5012,4.464480022954799
1040.7030964437529,3.341711443818518e-05,9.783886648673208e-16,1.5593069346322928e-14,0.0002642550898647,2.432628305518036e-06,0.5587499515305686,0.4409783229250605,5.037826200643152e-06,H,0.014221659,8.439124e-10,5.933994e-08,16832112.0,16832112.0,-4.476031054073923
1392.2272345195547,4.90120832550767e-05,1.296069012521324e-15,2.164435250910611e-14,0.0046781586762995,8.135247157181891e-06,0.4997982861400201,0.4955078048145241,7.615121998977813e-06,H,0.016523723,6.0105316e-07,3.6375168e-05,27491.236,27491.236,-4.309696837439302
1913.868352745469,0.2440967256265598,2.8641942096025213e-19,7.232090379246364e-18,0.0030094713496229,0.0143227822857868,0.5062510090570412,0.4764135731661801,3.1641413687256663e-06,H,0.013229367,3.2792627e-06,0.00024787753,4034.2493,4034.2493,-0.612438046276603
1332.5119942130812,0.3880543215069267,1.4716159805473328e-19,2.4176548251849042e-18,0.0006485009622307,4.221866846243696e-07,0.5418614642213111,0.4537130957573126,0.0037765168724608,H,0.0025859536,9.942854e-09,3.8449466e-06,260055.47,260055.47,-0.4111074757475245
832.1894178961933,4.788001264157541e-08,6.757162304093109e-13,6.357875440669424e-12,3.588860122955783e-07,0.0804921427021254,0.4684655663837299,0.4510419251302169,6.897915380922428e-09,H,0.0011481108,2.8749176e-14,2.5040418e-11,1116026100.0,1116026100.0,-7.319845743600512
2824.3817078552743,516.7246131020336,2.69301672121034e-22,8.816702569875592e-21,1.875490747904016e-06,0.0002898381000868,0.5048623012350297,0.4948459803562721,4.817863417397675e-09,H,0.0017304254,1.1634347e-08,6.7234027e-06,148721.42,148721.42,2.71325914875257
967.6939272517768,1.7909184363345757e-07,2.85140865730898e-13,2.281126925847184e-12,0.0289783303975933,3.3726790606895197e-06,0.5309157374988588,0.4400969041157978,5.655308689264746e-06,H,0.014700788,1.4345114e-08,9.758058e-07,1024722.6,1024722.6,-6.7469241927419406
1623.0397989243552,1.3334593776722787,6.380209172793676e-20,1.00665522504078e-18,1.05777195095819e-06,0.0001349747003606,0.5896944156470828,0.4098268576034534,0.0003426942771521,H,0.001958683,1.3663805e-10,6.976017e-08,14230679.0,14230679.0,0.12497978993853742
690.3666407019778,4.1458180515161213e-10,9.158635296745122e-11,5.266215295628443e-10,1.5971800800969973e-05,1.2752158166648036e-08,0.5414105977883151,0.4585690972610486,4.320397677006293e-06,H,0.014227215,2.404195e-13,1.6898564e-11,11469681000.0,11469681000.0,-9.382389761807156
1851.4913019855253,34572.250022403605,2.6824537731171075e-24,4.962539480266649e-23,1.8483929797477054e-07,0.0213670846898435,0.5374309079474558,0.4412017650105546,5.7512847957274267e-08,H,1.1569892e-06,1.7553148e-11,1.51713875e-05,62360.805,62360.805,4.538727645105476
1024.900170007492,39.2124154635526,1.4113847260739505e-21,1.3189146922966918e-20,5.145064491672e-08,0.0003549491852103,0.5619470332070089,0.4376110351918512,8.693096528475875e-05,H,1.3323326e-07,5.4067155e-15,4.058052e-08,132516.78,132516.78,1.5934235954290479
1112.8787877442817,645.9797985736442,9.715458804328124e-23,8.587211975438406e-22,1.6157012287038403e-05,0.0007855581984625,0.5667529324989345,0.4303079012154603,0.0021374510748554,H,2.0832881e-07,1.8000585e-12,8.640427e-06,74401.59,74401.59,2.8102189367177246
786.8315753515415,4.2532316856968017e-10,1.2109150230915836e-10,5.570209106221285e-10,1.1336015251559665e-06,1.2781906020934763e-05,0.5174558685202592,0.4777566806539968,0.0047735353181978,H,0.013545643,9.0405277e-14,6.674122e-12,12422575000.0,12422575000.0,-9.371280959378833
843.3930018416113,146.74904202199275,5.219834149559863e-22,3.47491816242128e-21,2.12493914588874e-07,3.8113717952572106e-08,0.5324499535435913,0.4675494834678044,3.123809716590618e-07,H,2.3835058e-09,9.375643e-17,3.9319016e-08,2383.2822,2383.2822,2.1665752748537557
1065.7648251089954,56663.97133397503,1.3170989780556867e-24,1.0207517079931572e-23,4.341601112241911e-06,2.1900279815544262e-06,0.5879548453400402,0.4120340965054296,4.526525436451439e-06,H,2.3625844e-09,8.2718945e-13,0.00034997246,1293.0155,1293.0155,4.753307009082942
1652.2370105654863,12778.532506510955,1.3933716347381759e-24,3.0445170219029145e-22,2.6188007857334923e-09,0.5522629158032735,0.0009667534805264,0.0007034821351279,0.4460668459622713,O,2.1519241e-08,3.0352212e-12,0.00014104029,5332.8535,5332.8535,4.1064809820760235
1956.852839218951,5.49131402170395e-10,3.443999706297474e-09,2.3615997986039825e-07,0.0098931859488558,0.2918095040371997,0.2848333723995047,0.0002408947678614,0.4132230428465782,O,0.009561311,3.3334104e-06,0.00034863528,2868.3264,2868.3264,-9.260323720378448
2881.8750128190777,859.3259325622507,4.3137609274234235e-23,4.8991999104308875e-21,1.0891814994463521e-07,0.0332617219208498,0.5293248529928637,0.4373900914989199,2.322466921645085e-05,O,4.3948016e-06,2.2216805e-10,5.055245e-05,19692.791,19692.791,2.9341579180402935
2021.5815680423975,2.3648679392951517,1.519144309508517e-20,9.216142144351673e-19,0.0002368966910645,0.0003140313573043,0.5359499247946118,0.463435506140215,6.364101680435032e-05,O,6.954985e-09,1.8269853e-16,2.626494e-08,6953.715,6953.715,0.3738068935572372
2625.350919091712,385.2107678512923,1.3165013075052225e-22,9.386654322512235e-21,0.0366600389323158,0.0006745570427567,0.5223199998076961,0.4401586864113954,0.000186717805836,O,3.2580463e-08,5.156936e-13,1.5827824e-05,21495.414,21495.414,2.585698418517495
2682.9531019717715,1892.4158630517725,2.965293235595309e-23,1.764349475179209e-21,0.0068172485111277,0.0713856992257321,0.503672316763929,0.4181027358446437,2.199965456733154e-05,O,1.9370254e-06,1.3123956e-10,6.775311e-05,14647.851,14647.851,3.2770165798367774
1913.868352745469,0.2440967256265598,2.8641942096025213e-19,7.232090379246364e-18,0.0030094713496229,0.0143227822857868,0.5062510090570412,0.4764135731661801,3.1641413687256663e-06,O,6.0484035e-07,1.2570885e-15,2.078377e-09,604080.94,604080.94,-0.612438046276603
2824.3817078552743,516.7246131020336,2.69301672121034e-22,8.816702569875592e-21,1.875490747904016e-06,0.0002898381000868,0.5048623012350297,0.4948459803562721,4.817863417397675e-09,O,3.6970636e-08,1.6650815e-12,4.503673e-05,13872.235,13872.235,2.71325914875257
2626.9513341361217,1.4220712597144964e-06,7.906342872720133e-12,1.7597988974764167e-10,7.0002588590808595e-09,0.5118926074178956,0.4881072739536325,8.875075565261458e-08,2.2877457337243366e-08,O,0.046504147,4.4339937e-05,0.000953462,1048.8096,1048.8096,-5.84707864064888
2619.736800613569,9960.37779207522,1.874562295564203e-23,3.4463106818449577e-22,0.0157109694657909,0.0107132923058699,0.5501709315650251,0.4234042906471421,5.160161720277485e-07,O,3.388743e-08,1.5248438e-11,0.00044996,2085.5808,2085.5808,3.998275811305419
1207.8165846680972,468.39729787197894,0.0,1.7142570338780737e-21,0.0026194251717787,2.3512429222784922e-08,0.5423960758914417,0.4536017428148408,0.0013827326095096,S,6.888933e-05,3.962878e-11,5.7525284e-07,1695579.6,1695579.6,2.6706143810146
1772.7502623246162,76.39758294260862,0.0,2.076929364481139e-20,4.732341265100356e-09,0.0065578464058185,0.5771934977201628,0.4161414414105503,0.000107209731127,S,0.0057791583,5.7104344e-08,9.881083e-06,101201.71,101201.71,1.8830796186373036
1513.967819292934,1.5069927456783785,2.47084068878651e-21,9.537445058715928e-19,5.195443867128025e-08,8.082276701015261e-09,0.5170806878997785,0.4829168553618077,2.3967016983924705e-06,S,0.014328743,2.2168241e-10,1.547117e-08,64346092.0,64346092.0,0.1781111617244307
1314.844789321564,15.32503267994297,3.1198407916597375e-22,5.428522977487943e-20,8.578564041978882e-05,0.0057181034726353,0.5192047130700354,0.4749867574025501,4.640414359557656e-06,S,0.00069097936,3.0536188e-11,4.419262e-08,21910682.0,21910682.0,1.185401409304891
1535.0351417877102,1172.2240543022042,4.7900482571395025e-24,9.460345307850516e-22,1.6143947962414127e-05,0.0034416161794908,0.5912928016682376,0.4052463829504141,3.055253894789459e-06,S,0.0001834297,5.497752e-10,2.9971984e-06,333039.12,333039.12,3.069010628957841
1770.965892614104,94.86975834376868,7.771917183766033e-23,1.8264005381850174e-20,0.0755562728523423,1.8154890193443533e-06,0.4338482945580105,0.4280141421572787,0.0625794749433489,S,0.010999294,3.2232052e-07,2.9303746e-05,34125.227,34125.227,1.977127794328954
718.2577011136351,5.4718782178141595e-08,1.1907242195577784e-13,3.953204408931825e-12,0.0003598247439353,0.0010442814419639,0.5328253560060923,0.4657376624558159,3.287535219236731e-05,S,0.013140565,1.3991994e-15,1.064794e-13,13122205000.0,13122205000.0,-7.261863576843469
1185.0153971071625,2.379890126320486,4.609086786770006e-21,2.8207611135032443e-19,0.0335164435923834,0.0005043678856015,0.5396406099867985,0.4263385635668879,1.4968328544691042e-08,S,0.00036667206,2.5652173e-14,6.995944e-11,357501340.0,357501340.0,0.3765569072102082
1920.83671524584,18318.38573389192,9.71216562131773e-25,1.0081227914927806e-22,1.5359824550448095e-05,0.0014294487368253,0.5877274380927401,0.4106044330126591,0.0002233203332248,S,0.0003195979,1.7995096e-07,0.0005630543,1776.018,1776.018,4.2628871998038775
2881.8750128190777,859.3259325622507,4.3137609274234235e-23,4.8991999104308875e-21,1.0891814994463521e-07,0.0332617219208498,0.5293248529928637,0.4373900914989199,2.322466921645085e-05,S,0.013309371,2.5670016e-07,1.9287176e-05,51847.723,51847.723,2.9341579180402935
1192.1900227864678,29426.867351312827,6.597665669064542e-25,2.622572103453155e-23,1.6604418159404817e-05,1.130174503247332e-07,0.4729918411723531,0.4663519023584263,0.0606395390336108,S,6.0242296e-06,7.0321153e-12,1.1673052e-06,750017.9,750017.9,4.468744031571175
2378.9321251955216,17876.481013016062,2.7125627656929403e-24,2.1632688056401197e-22,1.0075970540687829e-06,3.265525059482877e-07,0.5245774930796386,0.4753292236931629,9.194907763848704e-05,S,0.0014355584,7.092386e-07,0.0004940507,2024.081,2024.081,4.252282031963263
1551.8812667044888,0.2199904712841117,1.232881764036663e-19,5.821941663506465e-18,0.1354425966736281,9.927737257651588e-05,0.4525952338263279,0.4109518154572146,0.0009110766702528,S,0.014065041,2.3219808e-08,1.6508881e-06,605708.5,605708.5,-0.6575961298975735
2021.5815680423975,2.3648679392951517,1.519144309508517e-20,9.216142144351673e-19,0.0002368966910645,0.0003140313573043,0.5359499247946118,0.463435506140215,6.364101680435032e-05,S,0.01430174,6.913712e-08,4.834176e-06,206857.5,206857.5,0.3738068935572372
1525.0581274642573,3675.736334197864,9.367856434601288e-24,3.7190390045367107e-22,1.791047255938239e-06,2.8468304915525734e-08,0.5353639417119171,0.4646026063244262,3.163244809566782e-05,S,0.00012659143,1.1458962e-09,9.051925e-06,110377.414,110377.414,3.5653443512696317
2625.350919091712,385.2107678512923,1.3165013075052225e-22,9.386654322512235e-21,0.0366600389323158,0.0006745570427567,0.5223199998076961,0.4401586864113954,0.000186717805836,S,0.01399101,1.347197e-06,9.629018e-05,10385.267,10385.267,2.585698418517495
2682.9531019717715,1892.4158630517725,2.965293235595309e-23,1.764349475179209e-21,0.0068172485111277,0.0713856992257321,0.503672316763929,0.4181027358446437,2.199965456733154e-05,S,0.007589554,1.7692538e-07,2.3311697e-05,42896.68,42896.68,3.2770165798367774
1040.7030964437529,3.341711443818518e-05,9.783886648673208e-16,1.5593069346322928e-14,0.0002642550898647,2.432628305518036e-06,0.5587499515305686,0.4409783229250605,5.037826200643152e-06,S,0.014221659,3.9354076e-12,2.7671931e-10,2881557200.0,2881557200.0,-4.476031054073923
1392.2272345195547,4.90120832550767e-05,1.296069012521324e-15,2.164435250910611e-14,0.0046781586762995,8.135247157181891e-06,0.4997982861400201,0.4955078048145241,7.615121998977813e-06,S,0.016523723,1.3517734e-10,8.1808045e-09,121339730.0,121339730.0,-4.309696837439302
1913.868352745469,0.2440967256265598,2.8641942096025213e-19,7.232090379246364e-18,0.0030094713496229,0.0143227822857868,0.5062510090570412,0.4764135731661801,3.1641413687256663e-06,S,0.013229367,1.7203237e-09,1.3003825e-07,7685578.0,7685578.0,-0.612438046276603
1332.5119942130812,0.3880543215069267,1.4716159805473328e-19,2.4176548251849042e-18,0.0006485009622307,4.221866846243696e-07,0.5418614642213111,0.4537130957573126,0.0037765168724608,S,0.014781323,1.1230427e-08,7.5977147e-07,1316068.1,1316068.1,-0.4111074757475245
832.1894178961933,4.788001264157541e-08,6.757162304093109e-13,6.357875440669424e-12,3.588860122955783e-07,0.0804921427021254,0.4684655663837299,0.4510419251302169,6.897915380922428e-09,S,0.012799425,4.7356385e-17,3.6998835e-15,12798818000.0,12798818000.0,-7.319845743600512
1525.566155314726,15206.21770990103,4.5534682597405655e-24,7.839884481988103e-23,0.0196383549272527,1.2936931192172824e-05,0.557297539144297,0.4229060298278632,0.0001451391693948,S,5.563516e-05,2.6862707e-10,4.8283687e-06,206341.14,206341.14,4.1820212040602325
2824.3817078552743,516.7246131020336,2.69301672121034e-22,8.816702569875592e-21,1.875490747904016e-06,0.0002898381000868,0.5048623012350297,0.4948459803562721,4.817863417397675e-09,S,0.008486983,5.883087e-11,6.931894e-09,141849570.0,141849570.0,2.71325914875257
967.6939272517768,1.7909184363345757e-07,2.85140865730898e-13,2.281126925847184e-12,0.0289783303975933,3.3726790606895197e-06,0.5309157374988588,0.4400969041157978,5.655308689264746e-06,S,0.014700788,5.277202e-13,3.5897407e-11,9622697000.0,9622697000.0,-6.7469241927419406
1623.0397989243552,1.3334593776722787,6.380209172793676e-20,1.00665522504078e-18,1.05777195095819e-06,0.0001349747003606,0.5896944156470828,0.4098268576034534,0.0003426942771521,S,0.014061721,5.6911958e-08,4.047297e-06,247074.16,247074.16,0.12497978993853742
690.3666407019778,4.1458180515161213e-10,9.158635296745122e-11,5.266215295628443e-10,1.5971800800969973e-05,1.2752158166648036e-08,0.5414105977883151,0.4585690972610486,4.320397677006293e-06,S,0.014227215,1.6096099e-15,1.1313598e-13,14204351000.0,14204351000.0,-9.382389761807156
1851.4913019855253,34572.250022403605,2.6824537731171075e-24,4.962539480266649e-23,1.8483929797477054e-07,0.0213670846898435,0.5374309079474558,0.4412017650105546,5.7512847957274267e-08,S,5.539172e-05,3.113256e-11,5.6204357e-07,1723850.4,1723850.4,4.538727645105476
1024.900170007492,39.2124154635526,1.4113847260739505e-21,1.3189146922966918e-20,5.145064491672e-08,0.0003549491852103,0.5619470332070089,0.4376110351918512,8.693096528475875e-05,S,2.8713612e-05,5.5089646e-13,1.9185897e-08,18514202.0,18514202.0,1.5934235954290479
1112.8787877442817,645.9797985736442,9.715458804328124e-23,8.587211975438406e-22,1.6157012287038403e-05,0.0007855581984625,0.5667529324989345,0.4303079012154603,0.0021374510748554,S,1.9768708e-05,4.261675e-12,2.155768e-07,3757113.0,3757113.0,2.8102189367177246
2707.60138196987,84401.81580181664,2.1905537448320112e-24,5.080671427529728e-23,1.2029819651161172e-05,3.652768780999509e-05,0.5093511670249429,0.4905994590500661,8.164175298531341e-07,S,0.0005134048,2.9207559e-08,5.6889923e-05,17577.203,17577.203,4.926351790040659
911.4547720457136,4.695589638585466e-06,8.575871017916346e-13,5.681514549369579e-12,0.6762932325738625,0.3213630588107624,5.31346473463443e-08,2.2227400468126863e-08,0.0023436332533272,S,5.497923e-09,2.4101084e-12,0.00043828733,1612.2429,1612.2429,-5.328309864376536
786.8315753515415,4.2532316856968017e-10,1.2109150230915836e-10,5.570209106221285e-10,1.1336015251559665e-06,1.2781906020934763e-05,0.5174558685202592,0.4777566806539968,0.0047735353181978,S,0.013545643,2.462069e-12,1.8176095e-10,3912586000.0,3912586000.0,-9.371280959378833
1065.7648251089954,56663.97133397503,1.3170989780556867e-24,1.0207517079931572e-23,4.341601112241911e-06,2.1900279815544262e-06,0.5879548453400402,0.4120340965054296,4.526525436451439e-06,S,3.0846508e-07,5.5165972e-14,1.7883967e-07,292337.97,292337.97,4.753307009082942
1248.7147050166277,1983.685809518662,4.493983856783881e-23,3.7252760918076914e-22,0.0006774678316763,6.67723051442245e-05,0.5478110099564338,0.4514236901983162,2.105970842934408e-05,S,2.1013793e-05,2.0931838e-11,9.960999e-07,958141.0,958141.0,3.297472886569267
1165.705986067731,343.03605272561697,4.441729617901589e-22,3.5647727446235815e-21,0.4744047065802068,9.43587939339722e-06,0.4560769362268597,0.0398668739981907,0.0296420473153493,S,5.7095892e-08,4.632405e-11,0.00081132347,1206.4879,1206.4879,2.5353397663313153
2619.736800613569,9960.37779207522,1.874562295564203e-23,3.4463106818449577e-22,0.0157109694657909,0.0107132923058699,0.5501709315650251,0.4234042906471421,5.160161720277485e-07,S,0.0014534552,6.3542607e-09,4.371831e-06,228701.11,228701.11,3.998275811305419
1207.8165846680972,468.39729787197894,0.0,1.7142570338780737e-21,0.0026194251717787,2.3512429222784922e-08,0.5423960758914417,0.4536017428148408,0.0013827326095096,S2,0.0154330395,9.52227e-08,6.170055e-06,162071.4,162071.4,2.6706143810146
1772.7502623246162,76.39758294260862,0.0,2.076929364481139e-20,4.732341265100356e-09,0.0065578464058185,0.5771934977201628,0.4161414414105503,0.000107209731127,S2,0.013764156,1.2579771e-07,9.139515e-06,109414.13,109414.13,1.8830796186373036
1513.967819292934,1.5069927456783785,2.47084068878651e-21,9.537445058715928e-19,5.195443867128025e-08,8.082276701015261e-09,0.5170806878997785,0.4829168553618077,2.3967016983924705e-06,S2,0.017813776,1.4117186e-11,7.92487e-10,1178379100.0,1178379100.0,0.1781111617244307
1314.844789321564,15.32503267994297,3.1198407916597375e-22,5.428522977487943e-20,8.578564041978882e-05,0.0057181034726353,0.5192047130700354,0.4749867574025501,4.640414359557656e-06,S2,0.013168796,1.6994889e-10,1.2905423e-08,77033530.0,77033530.0,1.185401409304891
1535.0351417877102,1172.2240543022042,4.7900482571395025e-24,9.460345307850516e-22,1.6143947962414127e-05,0.0034416161794908,0.5912928016682376,0.4052463829504141,3.055253894789459e-06,S2,0.013247042,1.986436e-09,1.4995317e-07,6665393.0,6665393.0,3.069010628957841
805.2170676253352,0.0004331168586455,7.700381762704926e-16,4.5432252399959055e-14,2.2674268182577897e-05,0.2276817913268624,0.1146003457049441,0.6576605240452336,3.4664654777439536e-05,S2,2.1581964e-05,1.105738e-11,5.123435e-07,1789938.1,1789938.1,-3.363394911457833
718.2577011136351,5.4718782178141595e-08,1.1907242195577784e-13,3.953204408931825e-12,0.0003598247439353,0.0010442814419639,0.5328253560060923,0.4657376624558159,3.287535219236731e-05,S2,0.013140565,1.0097577e-13,7.684279e-12,11935380000.0,11935380000.0,-7.261863576843469
1185.0153971071625,2.379890126320486,4.609086786770006e-21,2.8207611135032443e-19,0.0335164435923834,0.0005043678856015,0.5396406099867985,0.4263385635668879,1.4968328544691042e-08,S2,0.013408942,4.0503028e-15,3.0205984e-13,13354851000.0,13354851000.0,0.3765569072102082
1549.6525367203087,6.38242951384864e-05,1.6761064152279128e-14,1.253727598590479e-12,9.180205930251997e-05,0.6700868835914612,1.4457760038589931e-06,3.77669321360958e-06,0.3298160918800188,S2,1.0292196e-09,1.7384922e-05,16874.967,5.9201848e-05,16874.967,-4.19501397275021
1920.83671524584,18318.38573389192,9.71216562131773e-25,1.0081227914927806e-22,1.5359824550448095e-05,0.0014294487368253,0.5877274380927401,0.4106044330126591,0.0002233203332248,S2,0.013417128,3.1644079e-06,0.00023584839,4240.0107,4240.0107,4.2628871998038775
2881.8750128190777,859.3259325622507,4.3137609274234235e-23,4.8991999104308875e-21,1.0891814994463521e-07,0.0332617219208498,0.5293248529928637,0.4373900914989199,2.322466921645085e-05,S2,0.013309371,1.0750668e-09,8.077518e-08,12368536.0,12368536.0,2.9341579180402935
1192.1900227864678,29426.867351312827,6.597665669064542e-25,2.622572103453155e-23,1.6604418159404817e-05,1.130174503247332e-07,0.4729918411723531,0.4663519023584263,0.0606395390336108,S2,0.014744009,1.2492667e-06,8.473046e-05,11802.121,11802.121,4.468744031571175
2378.9321251955216,17876.481013016062,2.7125627656929403e-24,2.1632688056401197e-22,1.0075970540687829e-06,3.265525059482877e-07,0.5245774930796386,0.4753292236931629,9.194907763848704e-05,S2,0.01845468,2.1781345e-06,0.00011802613,8472.696,8472.696,4.252282031963263
807.319190178567,878.2153290398684,1.1422733531065589e-21,2.474925598397544e-20,0.0364666977563607,0.6422021791789865,0.3169000199115649,0.0004209232756686,0.0040101798774192,S2,3.6772583e-08,5.85409e-14,1.5919281e-06,34738.938,34738.938,2.943601013341503
1551.8812667044888,0.2199904712841117,1.232881764036663e-19,5.821941663506465e-18,0.1354425966736281,9.927737257651588e-05,0.4525952338263279,0.4109518154572146,0.0009110766702528,S2,0.014065041,2.6672009e-08,1.8963335e-06,527313.6,527313.6,-0.6575961298975735
2021.5815680423975,2.3648679392951517,1.519144309508517e-20,9.216142144351673e-19,0.0002368966910645,0.0003140313573043,0.5359499247946118,0.463435506140215,6.364101680435032e-05,S2,0.01430174,5.989616e-10,4.188033e-08,23837760.0,23837760.0,0.3738068935572372
743.5158564150238,198.4522450887681,5.1727008580327636e-21,9.931585647422905e-20,0.4003628081131831,0.2424810548868649,0.000284027200202,0.3322535267459621,0.0246185830537876,S2,6.191457e-05,2.900592e-11,4.684829e-07,2063412.0,2063412.0,2.2976560164412074
1262.0504141168274,33708.19468810628,5.169207805799544e-23,1.8557456022820365e-21,0.0257002222232608,0.4625576293494371,0.1925919003104253,0.2762842362193489,0.0428660118975277,S2,0.002516599,3.422045e-07,0.00013597896,7354.0576,7354.0576,4.527735493607043
1525.0581274642573,3675.736334197864,9.367856434601288e-24,3.7190390045367107e-22,1.791047255938239e-06,2.8468304915525734e-08,0.5353639417119171,0.4646026063244262,3.163244809566782e-05,S2,0.016353657,5.2487227e-08,3.20951e-06,311568.12,311568.12,3.5653443512696317
2625.350919091712,385.2107678512923,1.3165013075052225e-22,9.386654322512235e-21,0.0366600389323158,0.0006745570427567,0.5223199998076961,0.4401586864113954,0.000186717805836,S2,0.01399101,8.409473e-08,6.010626e-06,166370.05,166370.05,2.585698418517495
2682.9531019717715,1892.4158630517725,2.965293235595309e-23,1.764349475179209e-21,0.0068172485111277,0.0713856992257321,0.503672316763929,0.4181027358446437,2.199965456733154e-05,S2,0.01262428,3.4847962e-09,2.760392e-07,3621634.2,3621634.2,3.2770165798367774
1262.8086251211669,3180.85728400118,7.1255762289672545e-22,1.9567928567240844e-20,1.4186577983951704e-05,0.6671699567451279,4.822972353877265e-07,1.7572254259128937e-08,0.3328153568073984,S2,1.722373e-13,1.0100885e-07,86167.58,1.7051535e-06,86167.58,3.5025441839891
773.6493923904985,13741.138494501063,3.2844323632346942e-24,4.598205308528572e-23,0.477259583855948,0.1514339027552035,0.3416380090970697,0.0207815385877994,0.0088869657039791,S2,0.003536292,7.156237e-09,2.0236557e-06,494086.2,494086.2,4.138022716813483
1434.3965775478418,1.1494308925632748e-10,2.58440389154406e-08,6.219798698982705e-07,0.0001864950461111,3.7054995723688783e-06,0.4809498741762775,0.0236546920552408,0.4952052332227982,S2,0.0002366668,1.6170237e-07,0.0006832491,1463.586,1463.586,-9.939517134773691
1040.7030964437529,3.341711443818518e-05,9.783886648673208e-16,1.5593069346322928e-14,0.0002642550898647,2.432628305518036e-06,0.5587499515305686,0.4409783229250605,5.037826200643152e-06,S2,0.014221659,4.1500966e-13,2.9181522e-11,10050574000.0,10050574000.0,-4.476031054073923
1330.8068062301084,0.7254781255403082,4.305490314521326e-18,8.76293911073164e-17,0.0016325828495381,0.6799353273378483,1.6090427020362223e-05,5.400878479995919e-07,0.3184154592977452,S2,6.9127846e-19,2.6849527e-09,2684.951,2.5736807e-10,2684.951,-0.13937567778221727
719.2057085454787,3.163683467540998e-05,5.6495763552583286e-14,5.461257143416383e-13,0.0001499889731316,0.0020705047075734,0.3307669321559372,3.365728832052214e-05,0.6669789168750372,S2,0.013671277,1.1419067e-05,0.00083525974,1197.2323,1197.2323,-4.499806974977471
1392.2272345195547,4.90120832550767e-05,1.296069012521324e-15,2.164435250910611e-14,0.0046781586762995,8.135247157181891e-06,0.4997982861400201,0.4955078048145241,7.615121998977813e-06,S2,0.016523723,7.174326e-15,4.341834e-13,16406021000.0,16406021000.0,-4.309696837439302
1913.868352745469,0.2440967256265598,2.8641942096025213e-19,7.232090379246364e-18,0.0030094713496229,0.0143227822857868,0.5062510090570412,0.4764135731661801,3.1641413687256663e-06,S2,0.013229367,1.6446092e-13,1.2431503e-11,11360937000.0,11360937000.0,-0.612438046276603
1332.5119942130812,0.3880543215069267,1.4716159805473328e-19,2.4176548251849042e-18,0.0006485009622307,4.221866846243696e-07,0.5418614642213111,0.4537130957573126,0.0037765168724608,S2,0.014781323,5.7331687e-07,3.8786573e-05,25782.072,25782.072,-0.4111074757475245
902.385553671532,1.2902288165116329e-10,2.124373929139305e-08,1.9409052716227284e-07,3.2883193415077564e-05,0.6371780325861529,5.6042839202007014e-08,0.0670352638426447,0.295753764334948,S2,7.15385e-23,1.3624644e-08,13624.644,5.250284e-15,13624.644,-9.889333262618505
832.1894178961933,4.788001264157541e-08,6.757162304093109e-13,6.357875440669424e-12,3.588860122955783e-07,0.0804921427021254,0.4684655663837299,0.4510419251302169,6.897915380922428e-09,S2,0.012799425,7.418035e-20,5.7956e-18,12799423000.0,12799423000.0,-7.319845743600512
1142.785677456178,2.960854841194819,1.1723393514800011e-18,1.6359462768380008e-17,5.20034616334713e-07,0.6895581564699288,3.4420673355929805e-06,5.642194328737384e-05,0.3103814594848318,S2,4.4618667e-24,2.1169504e-07,211695.05,2.107676e-17,211695.05,0.4714171161993619
1525.566155314726,15206.21770990103,4.5534682597405655e-24,7.839884481988103e-23,0.0196383549272527,1.2936931192172824e-05,0.557297539144297,0.4229060298278632,0.0001451391693948,S2,0.014292933,3.7579696e-08,2.62925e-06,380326.47,380326.47,4.1820212040602325
2824.3817078552743,516.7246131020336,2.69301672121034e-22,8.816702569875592e-21,1.875490747904016e-06,0.0002898381000868,0.5048623012350297,0.4948459803562721,4.817863417397675e-09,S2,0.015515425,6.5736864e-17,4.2368715e-15,15514406000.0,15514406000.0,2.71325914875257
1267.9541306788665,150.27734169385795,2.795789892909076e-20,4.100491842933312e-19,4.191738964841897e-06,0.0311786159963212,1.974257321289672e-07,0.954441480682475,0.0143755141565068,S2,1.506108e-22,1.5087576e-09,1508.7576,9.975827e-14,1508.7576,2.1768935040789987
800.6909122398415,5.6578213355003545e-05,4.8847117236698544e-14,3.419298206568898e-13,0.6900083469533599,0.3097630026400377,5.268454052995941e-05,3.175690738511881e-05,0.0001442089586871,S2,7.2148616e-08,5.70691e-14,7.909827e-07,68253.45,68253.45,-4.247350770953157
713.849003257968,901.425939831154,9.851962584177956e-23,7.388971938133468e-22,0.7339962368209089,0.0003764315167313,0.2643598130833605,2.168969947960883e-07,0.0012673016820045,S2,0.0035830212,6.35112e-07,0.00017725599,5641.5493,5641.5493,2.9549300513646894
967.6939272517768,1.7909184363345757e-07,2.85140865730898e-13,2.281126925847184e-12,0.0289783303975933,3.3726790606895197e-06,0.5309157374988588,0.4400969041157978,5.655308689264746e-06,S2,0.014700788,4.208881e-15,2.8630307e-13,14639174000.0,14639174000.0,-6.7469241927419406
1623.0397989243552,1.3334593776722787,6.380209172793676e-20,1.00665522504078e-18,1.05777195095819e-06,0.0001349747003606,0.5896944156470828,0.4098268576034534,0.0003426942771521,S2,0.014061721,6.1397685e-08,4.3662994e-06,229023.16,229023.16,0.12497978993853742
690.3666407019778,4.1458180515161213e-10,9.158635296745122e-11,5.266215295628443e-10,1.5971800800969973e-05,1.2752158166648036e-08,0.5414105977883151,0.4585690972610486,4.320397677006293e-06,S2,0.014227215,6.7516048e-15,4.745556e-13,14131802000.0,14131802000.0,-9.382389761807156
963.1096836007148,1.152313840806596e-06,3.2310693864942687e-12,2.4233020398707012e-11,0.000306870278508,0.1824560358171723,0.0897563681513167,0.7260337215341091,0.0014470042188937,S2,6.333187e-12,3.1722436e-08,4325.873,0.00019963749,4325.873,-5.938429221635226
1851.4913019855253,34572.250022403605,2.6824537731171075e-24,4.962539480266649e-23,1.8483929797477054e-07,0.0213670846898435,0.5374309079474558,0.4412017650105546,5.7512847957274267e-08,S2,0.012956775,1.5993262e-12,1.2343553e-10,4984666600.0,4984666600.0,4.538727645105476
1024.900170007492,39.2124154635526,1.4113847260739505e-21,1.3189146922966918e-20,5.145064491672e-08,0.0003549491852103,0.5619470332070089,0.4376110351918512,8.693096528475875e-05,S2,0.013486714,9.8518e-10,7.304819e-08,13675712.0,13675712.0,1.5934235954290479
1112.8764740841482,309.4224406847146,1.4400448728557812e-20,1.350662777299215e-19,0.4624649472350038,9.429604384060284e-05,0.5347773576321387,0.000125400854959,0.0025379982340579,S2,6.686362e-11,1.6008144e-07,2358.8699,0.00041768243,2358.8699,2.490551807463305
1035.500223538913,7.757011171306339e-07,5.5291741768760205e-12,4.6260757279862706e-11,0.5534319837134296,0.363181607464335,0.0657778340724588,0.0175521919464973,5.638280327904067e-05,S2,4.721799e-08,4.1276312e-11,0.00087414647,1116.89,1116.89,-6.1103055831035515
1112.8787877442817,645.9797985736442,9.715458804328124e-23,8.587211975438406e-22,1.6157012287038403e-05,0.0007855581984625,0.5667529324989345,0.4303079012154603,0.0021374510748554,S2,0.013176177,3.0468676e-08,2.3124064e-06,432435.75,432435.75,2.8102189367177246
2707.60138196987,84401.81580181664,2.1905537448320112e-24,5.080671427529728e-23,1.2029819651161172e-05,3.652768780999509e-05,0.5093511670249429,0.4905994590500661,8.164175298531341e-07,S2,0.015954236,9.015929e-10,5.6511194e-08,17676004.0,17676004.0,4.926351790040659
911.4547720457136,4.695589638585466e-06,8.575871017916346e-13,5.681514549369579e-12,0.6762932325738625,0.3213630588107624,5.31346473463443e-08,2.2227400468126863e-08,0.0023436332533272,S2,0.00044810487,6.0567333e-09,1.351633e-05,73972.37,73972.37,-5.328309864376536
786.8315753515415,4.2532316856968017e-10,1.2109150230915836e-10,5.570209106221285e-10,1.1336015251559665e-06,1.2781906020934763e-05,0.5174558685202592,0.4777566806539968,0.0047735353181978,S2,0.013545643,2.9376775e-11,2.1687252e-09,445921020.0,445921020.0,-9.371280959378833
1065.7648251089954,56663.97133397503,1.3170989780556867e-24,1.0207517079931572e-23,4.341601112241911e-06,2.1900279815544262e-06,0.5879548453400402,0.4120340965054296,4.526525436451439e-06,S2,0.014088938,1.0702596e-10,7.596453e-09,130421784.0,130421784.0,4.753307009082942
883.1508774917679,501.6792473733867,2.2146837674345835e-22,1.3946522103034e-21,0.5294606004567618,1.0346178312728471e-08,0.4700679504161281,0.0004714268940426,1.1886889263569153e-08,S2,0.024627365,5.4448147e-08,2.21088e-06,452300.3,452300.3,2.700426136232789
1233.202427275644,1792.0694118931324,1.5931022892324482e-22,1.3562897867789759e-21,0.6041629229586772,7.977282911704369e-09,0.3578613783993913,0.0099598793501633,0.028015811314485,S2,0.045318875,7.1807026e-06,0.00015844838,6311.2026,6311.2026,3.2533548270997414
1248.7147050166277,1983.685809518662,4.493983856783881e-23,3.7252760918076914e-22,0.0006774678316763,6.67723051442245e-05,0.5478110099564338,0.4514236901983162,2.105970842934408e-05,S2,0.0136073725,4.2363033e-09,3.1132413e-07,3211328.2,3211328.2,3.297472886569267
1165.705986067731,343.03605272561697,4.441729617901589e-22,3.5647727446235815e-21,0.4744047065802068,9.43587939339722e-06,0.4560769362268597,0.0398668739981907,0.0296420473153493,S2,0.02427476,2.122868e-06,8.7451655e-05,11434.885,11434.885,2.5353397663313153
2619.736800613569,9960.37779207522,1.874562295564203e-23,3.4463106818449577e-22,0.0157109694657909,0.0107132923058699,0.5501709315650251,0.4234042906471421,5.160161720277485e-07,S2,0.013236408,1.6930778e-11,1.2791067e-09,738194800.0,738194800.0,3.998275811305419
1956.852839218951,5.49131402170395e-10,3.443999706297474e-09,2.3615997986039825e-07,0.0098931859488558,0.2918095040371997,0.2848333723995047,0.0002408947678614,0.4132230428465782,C,1.2277442e-11,8.54759e-08,6437.678,0.00014363462,6437.678,-9.260323720378448
1927.2548435969688,1.3409323283496563e-10,3.9686713136981494e-08,9.52481115287556e-07,0.0006822279748563,0.3110543816827018,0.2990854516963949,0.0017903917454376,0.3873875469006094,C,1.0876482e-11,2.9187627e-08,2457.5986,0.0003726274,2457.5986,-9.872593138752352
2057.3314827429153,6.232543011719694e-08,9.114907522306536e-11,2.3972206783666192e-09,0.0008436420421696,0.500771244369873,0.4719399274862885,1.0973672000108118e-08,0.0264451751279967,C,1.1984724e-12,5.3138813e-09,2417.079,0.00022549373,2417.079,-7.205334715682101
2626.9513341361217,1.4220712597144964e-06,7.906342872720133e-12,1.7597988974764167e-10,7.0002588590808595e-09,0.5118926074178956,0.4881072739536325,8.875075565261458e-08,2.2877457337243366e-08,C,6.401586e-08,0.00043091044,6731.2026,0.00014855954,6731.2026,-5.84707864064888
2182.830686663726,1.0582188860739592e-09,9.96771921140688e-09,1.6033788331491638e-07,0.001021841585259,0.5047243062818785,0.4901362573319612,0.0041174683711293,1.264297719761859e-07,C,5.304826e-09,6.8259737e-06,1286.5054,0.0007771529,1286.5054,-8.975424491864146
1207.8165846680972,468.39729787197894,0.0,1.7142570338780737e-21,0.0026194251717787,2.3512429222784922e-08,0.5423960758914417,0.4536017428148408,0.0013827326095096,C1O1,0.0154330395,1.1240116e-06,7.283151e-05,13730.308,13730.308,2.6706143810146
1513.967819292934,1.5069927456783785,2.47084068878651e-21,9.537445058715928e-19,5.195443867128025e-08,8.082276701015261e-09,0.5170806878997785,0.4829168553618077,2.3967016983924705e-06,C1O1,0.017813776,6.065176e-08,3.404767e-06,293701.0,293701.0,0.1781111617244307
1770.965892614104,94.86975834376868,7.771917183766033e-23,1.8264005381850174e-20,0.0755562728523423,1.8154890193443533e-06,0.4338482945580105,0.4280141421572787,0.0625794749433489,C1O1,0.01507761,5.035462e-06,0.0003339695,2994.2847,2994.2847,1.977127794328954
805.2170676253352,0.0004331168586455,7.700381762704926e-16,4.5432252399959055e-14,2.2674268182577897e-05,0.2276817913268624,0.1146003457049441,0.6576605240452336,3.4664654777439536e-05,C1O1,0.0035058092,2.081948e-06,0.0005938566,1683.9075,1683.9075,-3.363394911457833
1277.7115751288168,6105.080209998528,2.7882911920634043e-24,3.3087722145819064e-22,0.0088094344870737,0.6429058663258066,0.0001915592427731,0.0002388888082793,0.3478542511360671,C1O1,0.032165635,1.8862963e-06,5.8643218e-05,17052.262,17052.262,3.785691374182772
2144.5031256052,7.967948865403874,4.0330024502896024e-21,3.959064072034293e-19,0.0002287433106095,7.537829533338489e-08,0.4891866420995817,0.4707384858088518,0.0398460534026616,C1O1,0.018088968,3.157263e-07,1.745408e-05,57293.01,57293.01,0.9013465383242529
1192.1900227864678,29426.867351312827,6.597665669064542e-25,2.622572103453155e-23,1.6604418159404817e-05,1.130174503247332e-07,0.4729918411723531,0.4663519023584263,0.0606395390336108,C1O1,0.014744009,2.81434e-06,0.00019088024,5238.8853,5238.8853,4.468744031571175
2378.9321251955216,17876.481013016062,2.7125627656929403e-24,2.1632688056401197e-22,1.0075970540687829e-06,3.265525059482877e-07,0.5245774930796386,0.4753292236931629,9.194907763848704e-05,C1O1,0.01845468,7.0778206e-06,0.00038352443,2607.3955,2607.3955,4.252282031963263
1525.0581274642573,3675.736334197864,9.367856434601288e-24,3.7190390045367107e-22,1.791047255938239e-06,2.8468304915525734e-08,0.5353639417119171,0.4646026063244262,3.163244809566782e-05,C1O1,0.016353657,2.4870483e-06,0.00015207902,6575.5264,6575.5264,3.5653443512696317
792.35538260211,0.559047817184163,6.746467221819322e-20,1.040080363363812e-18,7.46617310714826e-08,0.5910300220390585,0.0180941113826283,0.0023341126651365,0.3885416792514454,C1O1,0.028730344,4.5270476e-06,0.00015757025,6346.374,6346.374,-0.2525510439005654
781.5819265362968,0.8309177042396965,4.751305102623745e-20,7.404117118255338e-19,0.000559188360002,0.6307158543422164,0.0163459784029404,2.8196689760906668e-05,0.35235078220508,C1O1,0.030488208,2.2991653e-06,7.5411626e-05,13260.55,13260.55,-0.0804419874847646
1974.4042955875111,29139.360939889222,4.8090105597697515e-24,2.0798970671004172e-22,8.581253429157073e-05,0.5584546007238017,3.240065856933714e-05,5.20777337976123e-05,0.4413751083495398,C1O1,0.04283859,4.5254906e-06,0.000105640516,9466.063,9466.063,4.464480022954799
1019.8517266045462,77778.3383469335,7.502040036288831e-25,1.3953794467497225e-23,0.0005159058895912,0.6408018888153083,0.0006170236694188,2.6106074974501305e-05,0.3580390755507071,C1O1,0.027626539,3.4073614e-07,1.2333653e-05,81078.74,81078.74,4.890858660661966
904.8495248130836,39889.84169700165,1.605728549531562e-24,2.398557020862771e-23,3.873309082284032e-07,0.5821081512018618,4.735776054322933e-05,9.182299205837031e-10,0.4178441027884569,C1O1,0.032044597,1.7914273e-08,5.590419e-07,1788674.8,1788674.8,4.600862312813849
700.5333994339559,25416.232137449253,6.46919217302987e-23,7.572760249605554e-22,0.5756286182375535,0.3758685799250806,0.0474059039976851,0.0010219183726089,7.497946707155851e-05,C1O1,9.702502e-06,3.88807e-11,4.0072855e-06,243288.17,243288.17,4.405111168436688
947.8831616944352,0.1352703808706546,6.875150096733547e-19,8.555742342601745e-18,2.6442551405836933e-05,0.5614964255799376,2.9619861146961125e-05,5.394159243966147e-05,0.4383935704150699,C1O1,0.03947974,1.154337e-07,2.9238718e-06,342009.28,342009.28,-0.8687972871616819
973.685052796658,1099.6034243902652,6.992364305623193e-23,1.0643932331893082e-21,9.828662737504076e-06,0.5358922387401394,0.0002888797185632,6.737344127105552e-05,0.4637416794372889,C1O1,0.03177502,2.0602471e-07,6.4838578e-06,154228.42,154228.42,3.041236083655498
925.551493081191,40155.77106653302,1.806061049069189e-24,2.046869188945081e-23,0.0241800372897331,0.6121284955528242,0.0001372620217965,0.0166394400895642,0.3469147650460817,C1O1,0.027025718,1.7958152e-08,6.644838e-07,1504843.8,1504843.8,4.603747969595755
1332.5119942130812,0.3880543215069267,1.4716159805473328e-19,2.4176548251849042e-18,0.0006485009622307,4.221866846243696e-07,0.5418614642213111,0.4537130957573126,0.0037765168724608,C1O1,0.014781323,6.356389e-06,0.00043002842,2325.4275,2325.4275,-0.4111074757475245
941.2859518228134,1.6805302159109543,7.375751725478695e-20,7.279546268189842e-19,8.908548860063121e-08,0.5052250183086936,0.0001938990528208,2.16215235245484e-06,0.4945788314006445,C1O1,0.041468654,4.798874e-07,1.1572292e-05,86413.12,86413.12,0.22544632548471094
800.6909122398415,5.6578213355003545e-05,4.8847117236698544e-14,3.419298206568898e-13,0.6900083469533599,0.3097630026400377,5.268454052995941e-05,3.175690738511881e-05,0.0001442089586871,C1O1,3.987255e-06,3.1815525e-10,7.979304e-05,12493.15,12493.15,-4.247350770953157
690.3666407019778,4.1458180515161213e-10,9.158635296745122e-11,5.266215295628443e-10,1.5971800800969973e-05,1.2752158166648036e-08,0.5414105977883151,0.4585690972610486,4.320397677006293e-06,C1O1,0.014227215,1.0307191e-06,7.2447e-05,13803.18,13803.18,-9.382389761807156
759.6433057786612,0.0097122469919811,1.257343236677567e-17,8.08292080721293e-17,8.667834674910193e-09,0.577241059653419,1.726968706744492e-05,1.0568829410848465e-07,0.4227415563033848,C1O1,0.041583642,1.17406955e-08,2.8233927e-07,3541536.5,3541536.5,-2.012680281593107
891.071196317675,185.3855970135217,7.675213767446243e-22,5.9354986468250926e-21,7.244825435935328e-07,0.5647324362373947,3.091722766682069e-07,8.162267797303543e-08,0.4352664484851071,C1O1,0.038552232,2.3814647e-10,6.1772423e-09,161207620.0,161207620.0,2.268075989891912
947.9649863498472,89034.60888466024,4.556993683821212e-23,3.4985951508046727e-22,0.8230749554722607,0.0007215426600806,0.0458488050682898,2.7480764241971473e-05,0.1303272160351267,C1O1,1.3087016e-12,1.3420896e-08,5813.179,9.750497e-05,5813.179,4.949558855251555
869.5878675000179,0.0009271248964508,4.273389201730957e-15,2.835976470239635e-14,0.6693152613936347,0.3301260504500958,0.0005574929464719,7.507197513170078e-07,4.444900462647494e-07,C1O1,1.0384304e-05,8.2104407e-10,7.906587e-05,12632.296,12632.296,-3.032861756485851
863.8773355958343,6480.62014795038,6.809578217817455e-22,4.361810912493883e-21,0.6718896073146685,0.3215033528657269,0.0065959887239407,8.927923329947872e-06,2.1231723339108566e-06,C1O1,2.3397815e-05,3.49766e-11,1.494866e-06,650362.06,650362.06,3.8116165666647444
1233.202427275644,1792.0694118931324,1.5931022892324482e-22,1.3562897867789759e-21,0.6041629229586772,7.977282911704369e-09,0.3578613783993913,0.0099598793501633,0.028015811314485,C1O1,0.0063313814,1.6981394e-07,2.6820995e-05,37284.008,37284.008,3.2533548270997414
997.4859562098776,68840.28806366982,2.3530338771762224e-24,1.7214300469868152e-23,0.0144522156334782,0.630047705833498,2.134569770707557e-05,9.652817289752683e-07,0.3554777675535877,C1O1,0.030952604,9.6977235e-09,3.1330882e-07,3191410.0,3191410.0,4.837842678973949
686.8535985318422,0.0022421449960243,5.303385126500355e-17,2.43411778882965e-16,6.882522656182687e-05,0.6496751110247153,8.809791572375488e-07,0.0027804318638779,0.3474747509056876,C1O1,0.032151762,2.6531081e-11,8.251828e-10,1167835000.0,1167835000.0,-2.6493363056852517
